ENSID,E118
23.265,11.554
0.872,0.0
55.208,42.386
3.237,2.483
7.299,4.646
0.052,0.052
3.0,0.419
58.371,12.045
7.077,18.571
17.511,8.236
1.822,3.625
5.895,17.422
19.36,14.715
2.357,0.196
9.208,71.814
0.114,0.002
16.841,18.072
49.646,20.116
11.932,7.941
5.118,2.469
20.775,28.299
25.48,23.097
67.631,28.407
0.15,5.329
0.247,0.0
0.0,0.0
0.293,0.003
7.738,4.035
77.267,85.268
8.818,15.857
0.173,0.0
46.09,49.18
3.628,5.218
1.081,1.317
3.009,0.089
30.222,2.949
4.644,7.984
4.088,1.577
3.8,4.101
13.171,0.076
7.389,4.66
15.028,15.058
0.19,0.0
31.653,0.055
63.538,198.68
4.509,0.508
19.193,0.103
46.357,36.375
4.503,0.007
110.746,78.919
70.168,56.346
16.994,10.581
3.546,2.151
28.412,24.411
4.519,3.171
54.654,0.01
14.018,0.868
131.657,62.265
11.489,0.0
0.0,0.008
0.621,0.096
0.925,0.002
0.127,0.0
21.753,18.432
10.209,5.467
21.992,23.666
0.457,0.0
0.603,0.0
17.243,16.044
30.921,6.108
0.942,2.912
35.532,42.643
8.727,5.015
346.322,579.936
6.042,9.984
3.676,0.101
66.385,44.235
15.638,18.298
0.325,0.011
0.362,0.0
9.4,8.598
14.099,7.018
31.308,0.281
7.927,3.401
36.045,51.417
20.948,7.331
3.984,16.754
16.95,10.929
15.736,0.007
7.383,6.965
17.236,2.742
1.34,0.013
0.013,0.0
0.088,0.015
8.194,2.015
20.628,31.279
4.753,7.513
0.606,0.006
23.487,0.805
42.642,37.039
4.132,0.0
10.417,9.18
8.437,5.508
7.716,3.936
10.762,10.782
7.55,0.0
7.856,1.703
39.53,479.549
8.191,10.219
47.011,65.913
11.013,12.612
1.635,0.219
0.802,0.0
40.515,33.702
30.03,33.663
41.502,2.215
11.273,2.996
20.413,43.894
7.065,0.115
0.033,0.017
5.391,8.465
0.04,0.004
0.0,0.0
0.691,0.0
5.262,2.481
0.0,0.0
13.127,14.479
79.034,152.494
0.0,0.0
11.431,3.703
10.719,6.214
16.671,16.66
0.207,0.026
100.885,247.777
2.063,0.0
2.391,15.094
24.7,19.352
14.855,30.207
7.666,1.033
6.323,2.592
11.048,8.546
0.234,3.979
7.095,6.474
1.493,0.021
3.651,3.29
0.958,0.0
29.24,15.92
15.185,3.426
2.869,0.062
14.282,4.998
0.04,0.0
10.93,10.979
10.692,4.708
26.765,49.447
11.706,6.587
2.281,0.101
20.074,36.755
0.431,0.0
4.627,3.818
4.783,13.759
0.003,0.001
23.742,25.754
7.832,8.412
0.0,0.0
52.278,3.407
13.192,6.97
2.681,0.058
82.376,68.939
0.68,0.01
32.975,30.996
0.241,0.003
0.047,0.028
38.028,68.857
0.011,0.005
11.262,0.039
18.358,8.563
9.555,0.016
0.0,0.0
0.46,0.448
0.34,0.007
3.128,1.838
0.088,0.0
1.072,0.001
26.057,21.372
11.03,9.812
16.355,4.551
2.44,0.016
3.225,0.125
36.076,51.399
14.283,13.518
9.113,6.36
12.612,12.905
0.05,0.0
23.976,27.162
0.031,0.008
21.655,1.066
0.017,0.0
9.274,0.481
78.304,145.668
2.122,0.076
20.476,13.143
1.072,3.074
0.866,0.0
15.824,1.499
20.841,17.994
0.577,0.001
0.0,0.0
0.081,0.004
9.361,23.869
1.767,0.014
58.972,98.242
18.31,19.684
15.491,10.524
4.037,0.283
4.495,1.411
2.569,0.688
19.25,12.598
10.729,5.119
27.92,60.234
10.941,2.514
0.0,0.0
29.744,10.685
11.034,5.318
0.98,0.218
26.136,1.798
9.531,5.216
3.296,0.443
30.795,42.07
6.975,19.977
6.152,9.155
25.234,10.137
167.932,107.087
20.896,47.818
6.703,4.401
1.294,0.002
0.0,0.0
0.862,0.064
0.007,0.0
4.781,2.69
1.229,0.006
4.461,7.427
28.131,31.991
10.478,0.038
38.797,19.124
33.167,19.493
0.145,0.563
3.59,5.49
17.832,28.899
3.599,4.093
30.268,30.079
79.078,209.543
12.82,11.149
59.579,251.536
0.237,0.005
79.458,48.688
7.856,1.403
1.646,0.491
3.374,2.252
2.17,0.262
15.4,21.276
0.085,0.01
7.209,3.686
0.038,0.007
14.828,33.029
1.735,17.275
4.882,3.282
2.163,0.35
4.238,1.928
3.682,0.0
2.985,6.408
15.369,12.23
10.215,8.985
5.835,8.159
0.072,0.008
19.874,28.643
41.345,60.422
8.923,5.724
19.256,51.741
225.937,346.935
0.056,0.0
7.67,16.997
5.552,12.789
13.163,4.484
11.245,6.77
7.832,16.664
2.015,5.016
40.285,19.521
9.7,1.56
28.85,14.093
15.957,10.51
11.536,2.614
235.25,108.378
1.689,0.624
6.253,5.099
12.216,14.412
16.805,18.513
22.867,49.117
51.271,32.554
22.646,8.8
9.684,11.491
10.644,0.023
15.478,12.578
14.426,29.589
4.922,2.469
11.702,6.569
0.011,0.003
0.074,0.0
10.278,22.762
2.198,0.007
12.626,10.661
19.157,72.044
0.847,0.36
6.937,5.568
12.713,8.52
0.908,0.014
7.387,22.615
2.262,0.004
53.267,36.238
0.983,0.0
2.892,0.0
11.151,13.898
27.68,19.187
8.854,6.677
3.812,12.88
98.965,98.697
7.023,10.094
0.128,0.005
0.577,0.139
160.719,148.424
42.238,107.673
16.914,10.567
10.68,8.229
3.502,1.399
17.73,8.402
4.54,8.38
9.953,10.524
10.979,10.86
9.417,10.893
19.196,6.257
13.156,7.761
34.033,30.496
5.054,1.541
2.433,0.005
36.735,24.483
16.849,4.942
18.315,22.881
19.291,5.653
30.932,103.894
0.206,0.235
39.062,65.357
20.886,24.954
5.16,4.194
17.565,13.085
4.266,0.601
2.345,1.232
15.475,13.819
8.324,0.04
1.935,0.008
7.562,12.636
37.979,14.031
2.152,0.0
19.686,26.446
1.799,0.599
0.039,0.0
20.479,24.276
0.214,0.009
8.008,0.611
0.179,0.009
0.0,0.0
0.0,0.314
19.189,20.165
17.117,23.386
1.318,0.164
1.365,0.0
21.291,0.735
0.319,0.292
28.165,41.843
5.806,1.696
1.288,11.959
0.082,0.071
18.701,20.698
18.143,7.562
10.501,5.424
2.012,0.003
11.565,12.213
1.001,0.778
0.337,0.0
3.755,7.472
0.01,0.039
5.501,2.587
0.92,0.66
0.848,0.005
13.045,134.141
53.347,2.967
3.235,0.0
8.99,6.438
14.911,14.281
7.169,0.018
5.555,6.13
8.005,9.207
3.29,1.773
10.126,0.367
10.783,5.418
3.631,0.439
21.297,74.102
0.231,0.0
0.475,0.03
8.507,3.986
0.211,0.087
3.914,7.107
9.972,10.133
55.511,3.854
0.6,0.005
18.493,16.814
28.642,30.067
0.008,0.0
5.087,0.0
2.143,1.182
41.715,37.446
4.3,3.161
26.726,19.277
10.658,0.024
25.264,29.916
23.7,26.866
15.439,2.94
17.908,8.928
26.871,36.604
3.929,0.657
11.577,14.417
9.12,6.418
14.024,6.588
19.331,16.838
111.188,117.949
20.64,0.424
13.366,17.33
5.609,0.517
11.606,45.086
10.232,8.924
60.99,47.397
13.608,8.792
10.726,5.107
7.78,0.112
14.222,6.331
12.869,7.436
0.904,0.413
4.538,1.86
4.756,1.316
25.996,18.604
54.129,59.311
14.987,13.003
32.848,33.35
610.543,639.503
1.861,11.775
15.786,1.833
77.347,423.83
4.051,10.646
2.568,3.559
1.552,1.171
9.123,2.732
8.608,12.463
1.509,3.106
0.08,0.0
17.659,23.302
5.999,8.708
3.897,0.768
5.367,7.994
6.037,0.031
7.676,16.875
0.714,0.617
8.124,3.753
14.885,16.768
14.544,9.048
7.061,10.492
31.013,17.721
22.762,29.087
5.802,0.057
0.111,0.0
10.613,14.58
16.703,11.9
19.875,27.946
21.624,11.322
14.865,44.73
0.022,0.0
2.915,1.489
180.81,292.358
7.857,5.27
2.264,3.372
0.106,0.028
14.749,5.878
47.577,128.605
27.703,29.529
5.699,1.831
6.21,14.216
19.081,29.914
2.467,2.029
16.669,28.953
8.061,4.133
30.468,51.953
18.451,29.317
0.126,0.013
9.323,4.129
13.921,26.028
8.682,0.38
32.586,16.04
18.448,25.747
12.807,13.691
4.454,0.055
28.369,22.273
19.928,27.934
0.0,0.411
1517.65,5539.89
2.417,3.232
17.405,9.13
8.945,24.556
104.367,61.027
0.0,0.007
2.464,3.154
30.459,17.038
47.329,82.44
14.909,11.484
0.857,0.288
11.068,6.336
24.511,20.475
0.169,0.0
102.255,7.563
19.246,13.255
12.653,11.059
8.778,6.111
0.235,0.08
0.027,0.0
0.196,0.0
8.422,6.212
0.432,0.0
2.649,1.052
0.008,0.0
33.176,44.539
0.385,0.007
31.599,40.949
7.162,7.966
8.469,12.376
19.376,19.738
9.22,14.131
2.701,2.569
6.818,6.023
6.421,4.056
8.994,6.58
16.959,13.943
0.006,2.797
32.833,23.81
12.166,17.377
10.788,10.684
5.671,6.957
0.246,0.0
21.87,174.753
18.946,12.991
0.272,0.492
8.528,2.63
31.539,11.649
0.005,0.0
19.24,13.533
0.074,0.02
22.608,18.898
0.038,0.074
2.69,4.161
12.139,6.791
7.397,3.627
10.3,10.927
8.2,7.219
4.411,5.975
23.432,32.056
1.091,0.221
8.279,4.861
3.434,2.267
48.562,38.334
0.271,0.021
14.77,16.601
10.472,6.441
74.809,15.847
3.789,1.525
3.679,0.002
6.865,8.578
5.734,3.419
0.0,0.0
1.399,0.886
4.118,4.123
16.344,44.158
11.723,106.181
125.318,269.018
0.009,0.001
0.0,0.0
0.049,0.076
0.204,0.0
0.684,0.021
7.296,4.625
8.48,11.079
15.497,0.271
3.777,0.003
13.443,9.493
0.697,0.028
0.0,0.0
19.06,11.608
44.31,53.382
8.088,5.659
2.539,1.081
4.105,0.023
219.564,261.847
25.959,120.068
7.66,14.615
10.483,8.077
7.769,48.005
10.165,0.0
1.189,0.0
5.663,13.23
7.722,2.935
8.838,4.928
12.088,17.598
28.949,32.446
8.546,2.346
1.235,2.632
35.195,16.295
19.029,0.0
5.005,5.499
6.159,3.243
5.881,0.28
0.459,0.03
5.655,6.536
8.888,5.929
9.733,10.049
2.87,0.0
0.101,0.013
31.825,43.813
13.113,21.289
0.134,6.233
13.541,11.14
1.74,1.655
8.147,17.615
14.988,36.048
2.982,3.774
11.224,7.523
9.141,5.258
4.323,0.0
4.617,3.923
0.394,0.004
0.165,0.0
8.199,1.996
4.416,6.912
5.884,0.251
44.467,55.098
15.973,14.761
4.254,0.139
2.564,10.347
4.03,3.763
0.837,3.879
12.087,6.196
52.141,74.802
9.864,4.292
6.037,0.0
0.512,0.0
1.527,43.922
25.671,10.226
24.919,17.454
1.537,0.002
33.675,35.092
9.28,6.84
36.696,39.529
20.037,13.281
0.317,0.176
2.53,0.437
36.192,25.593
4.578,5.597
0.51,0.007
15.371,26.278
20.961,96.054
2.626,18.299
13.712,5.254
23.1,10.924
14.676,89.185
18.004,7.945
0.767,0.033
2.437,0.006
1.066,0.001
0.017,0.029
8.444,7.695
1.541,0.015
19.22,24.788
9.463,10.483
63.477,84.274
16.473,57.838
11.264,13.263
5.344,2.939
13.225,6.294
268.684,1.93
7.889,37.156
28.196,51.299
9.123,2.685
7.162,3.544
14.774,63.653
21.904,12.046
12.764,9.872
4.532,2.111
55.887,172.785
13.234,6.785
0.668,0.0
0.644,0.604
13.276,1.466
0.082,0.0
43.304,43.822
28.255,61.756
0.615,0.814
20.46,16.748
0.241,0.028
0.0,0.0
0.855,726.492
10.089,11.53
5.772,3.165
1.13,0.0
21.137,30.176
58.0,46.954
57.268,77.185
4.699,3.157
1.407,2.391
11.559,4.587
17.422,14.256
4.181,5.241
1.182,0.008
1.965,1.116
7.717,5.33
11.194,5.701
6.519,9.503
3.721,2.099
4.5,1.01
13.567,2.495
0.0,0.0
0.064,0.0
0.048,0.005
14.215,9.277
5.624,3.129
4.087,2.671
47.156,29.029
43.16,58.755
12.48,0.005
32.961,44.445
3.654,3.291
13.788,1.498
22.54,23.764
19.89,17.457
14.544,8.464
14.512,7.716
8.891,4.22
1.937,4.179
0.238,0.016
32.867,22.224
1.22,0.252
0.296,0.0
15.455,8.728
31.246,32.052
4.999,2.966
0.348,0.0
0.688,0.003
5.687,0.285
10.801,12.363
36.659,6.526
9.72,0.148
5.16,20.496
8.582,0.0
18.579,148.483
1.056,11.176
17.596,10.86
6.928,25.727
0.101,0.021
1.511,0.0
89.756,98.186
2.861,2.031
11.864,17.815
0.788,7.858
24.401,30.531
9.556,4.446
8.881,3.158
14.973,12.022
0.583,1391.9
6.442,5.735
98.896,190.597
10.696,9.457
0.473,0.37
0.32,0.941
2.468,1.111
22.976,19.074
30.247,56.555
31.054,26.008
6.722,3.934
11.118,17.335
30.691,23.624
0.928,0.923
12.689,10.455
6.778,1.871
0.998,0.511
6.718,5.778
44.751,46.762
14.083,5.456
2.504,4.259
9.506,5.808
7.975,5.675
22.077,16.322
80.716,22.134
0.708,0.077
8.759,9.403
50.091,40.995
0.356,3.046
40.287,28.064
22.965,19.717
25.944,12.044
20.233,58.462
1.713,0.0
8.39,11.311
13.182,22.657
23.797,21.416
0.196,0.0
0.595,0.001
14.905,6.854
24.632,13.452
7.992,18.249
35.038,1.124
15.838,10.154
10.371,3.665
0.198,0.026
0.191,0.0
13.093,0.412
42.382,62.864
1.648,0.624
9.861,3.378
7.285,7.349
7.272,1.322
4.271,396.9
0.01,0.007
20.745,7.668
2.705,0.677
0.715,0.511
65.534,39.584
1.25,0.008
11.711,9.366
14.744,11.556
145.945,41.013
21.349,6.005
44.702,27.937
0.085,0.0
124.196,72.55
1.394,0.088
7.381,0.239
5.944,3.294
9.354,1.456
44.028,48.662
80.861,54.888
83.164,51.107
21.346,21.661
8.316,1.678
0.029,0.035
6.992,4.837
9.913,10.664
19.172,90.82
3.075,3.477
24.861,18.354
16.953,23.892
7.15,3.404
6.25,0.012
28.838,16.209
25.645,135.119
1.426,0.134
2.882,2.603
0.387,0.0
10.837,0.004
0.018,0.0
9.804,0.965
0.961,0.008
2.941,29.838
4.204,0.421
13.605,11.77
14.772,15.843
35.89,35.47
19.676,25.272
27.303,20.664
7.691,10.643
65.426,39.706
34.215,18.186
6.018,6.749
4.655,6.171
1.08,0.03
90.891,237.354
7.5,3.197
2.072,0.003
6.782,5.512
29.59,28.873
3.748,5.472
1.648,0.0
0.0,0.0
6.569,0.259
20.597,17.895
9.236,3.905
64.769,21.41
0.619,0.257
33.053,16.139
9.378,5.544
58.239,66.295
7.798,4.787
18.872,5.449
26.294,18.642
11.97,4.726
48.223,69.829
58.835,44.099
28.961,125.696
23.742,20.378
14.66,13.424
50.908,47.946
30.058,15.833
1.009,9.859
1.523,0.0
10.79,10.362
4.056,36.288
21.074,1.166
0.392,0.278
0.858,0.409
140.195,150.409
9.727,12.511
10.943,14.71
10.483,6.16
56.903,47.496
18.672,3.828
1.716,18.078
40.641,29.349
14.034,24.816
5.959,6.542
0.042,0.0
14.725,16.88
7.099,7.526
0.233,909.513
1.041,9.4
4.752,3.68
4.828,8.22
9.336,0.659
7.699,9.196
10.43,1.898
14.155,12.575
9.056,6.977
12.632,8.936
44.884,62.775
3.421,17.062
9.566,4.647
477.809,400.947
6.76,0.259
18.238,9.168
0.469,0.0
30.409,24.915
1.484,0.002
13.379,14.771
38.913,32.319
13.694,15.33
13.066,13.794
0.324,0.076
0.031,0.0
5.368,0.215
14.634,5.28
1.21,0.0
44.826,138.349
3.023,0.0
7.44,5.539
0.657,0.0
0.0,0.0
8.263,5.855
4.164,1.924
17.346,17.349
2.653,9.274
19.608,10.118
23.654,14.624
4.914,0.236
8.577,6.861
20.046,14.094
11.428,19.895
4.443,0.023
4.656,5.399
7.723,7.223
0.55,0.0
1.763,1.073
9.793,7.821
2.866,0.295
13.708,15.265
4.58,4.061
14.587,0.003
64.182,119.439
46.216,55.97
3.083,4.883
23.714,71.346
17.244,13.411
10.377,5.75
73.245,55.948
8.848,7.286
38.511,42.867
3.907,4.702
4.094,9.436
4.951,8.468
1105.95,2579.33
14.874,3.487
14.288,10.042
14.043,19.14
10.233,13.162
4.637,0.09
8.432,2.397
252.715,317.841
19.38,27.67
3.749,10.387
1.205,0.003
59.67,24.274
1.546,5.367
1.473,4.41
28.499,46.564
13.685,17.735
7.031,0.195
0.014,0.0
17.508,12.097
48.796,22.337
11.065,7.057
13.954,34.491
5.154,1.763
13.393,13.993
21.391,2.987
10.202,4.706
17.866,12.57
57.419,45.749
14.038,2.99
16.878,11.505
32.313,28.392
23.241,11.417
7.463,8.701
44.409,31.846
7.757,11.552
18.105,18.848
11.275,8.369
32.329,63.919
37.538,66.256
1.38,0.043
13.141,2.762
12.409,11.689
137.311,196.225
10.662,17.035
19.027,24.442
1.617,0.183
4.836,3.618
12.967,31.766
21.458,12.948
0.715,0.005
17.237,29.927
7.165,3.459
8.798,14.535
33.867,19.456
10.242,9.765
0.348,0.039
4.342,0.0
16.388,3.602
0.015,0.0
2.275,10.135
0.125,0.007
2.91,5.867
0.0,0.0
23.62,12.59
147.258,50.327
50.888,41.381
32.28,16.401
15.663,1.82
11.68,1.674
0.233,0.001
39.015,0.415
3.597,0.398
13.9,12.219
3.58,2.113
2.261,0.236
2.317,0.057
10.163,0.048
1.15,0.499
0.169,0.104
0.262,15.708
85.243,93.526
6.666,7.977
9.196,10.379
32.786,33.948
4.895,9.461
21.96,8.28
13.808,19.255
13.066,22.093
9.535,5.631
0.021,0.0
0.0,0.0
11.798,12.778
26.404,16.754
11.131,2.828
52.65,111.9
4.543,13.88
1.487,0.022
1.416,7.928
0.057,0.0
16.284,8.054
2.618,2.219
10.844,3.564
13.755,10.473
2.871,3.374
0.153,0.026
29.619,67.749
22.749,35.274
56.398,49.499
15.162,2.671
6.719,3.711
8.788,3.817
7.593,6.093
4.197,0.009
24.762,34.697
0.0,0.108
18.217,16.644
12.935,33.289
23.352,13.859
8.053,6.128
0.146,0.118
20.188,44.807
0.012,0.0
627.105,295.188
3.976,2.242
33.849,46.133
41.281,30.493
2.662,5.252
13.758,19.281
0.066,0.098
18.696,15.229
73.745,94.755
8.65,13.87
0.267,0.0
8.323,0.008
10.575,7.242
12.631,15.826
0.39,0.0
19.219,32.341
26.599,62.099
5.356,0.317
47.742,168.174
3.865,3.12
0.0,0.0
1.595,3.569
4.156,2.036
3.446,0.467
5.385,1.497
15.842,11.139
15.505,6.847
29.654,26.432
43.288,36.161
55.941,32.686
41.837,6.0
85.122,43.831
54.072,41.011
0.411,0.0
24.501,4.353
32.249,21.473
10.119,7.724
38.722,15.082
0.653,0.091
14.699,9.91
0.426,0.002
15.308,10.857
7.452,7.075
29.643,62.454
41.13,33.295
18.475,3.862
0.0,0.017
39.967,265.689
3.415,3.797
10.572,10.538
13.197,12.975
1.223,0.024
1.656,0.033
1.991,4.603
2.001,0.265
18.008,32.379
100.96,78.353
37.907,33.558
0.02,0.0
18.284,22.697
17.626,11.614
6.463,8.15
6.898,1.494
0.621,0.514
35.772,25.639
71.384,99.779
15.055,21.192
26.383,9.521
4.477,8.173
0.465,1.953
15.469,34.869
0.081,0.0
21.442,7.751
6.452,1.832
125.365,134.174
5.267,10.959
14.343,13.625
3.522,0.075
2.27,0.018
3.703,4.607
11.091,10.614
1.151,0.035
16.74,17.408
0.29,0.117
4.302,3.237
56.623,63.098
14.788,36.562
3.483,4.11
28.046,22.498
39.653,34.803
4.978,0.0
46.034,50.261
0.106,0.006
5.28,1.949
17.988,34.38
0.066,45.838
1.232,1.455
22.704,9.52
11.301,9.21
0.984,0.822
14.246,20.29
33.637,31.159
13.233,7.281
0.032,0.022
4.681,0.6
8.199,7.931
2.357,0.047
3.713,7.071
12.008,5.414
0.021,0.003
0.527,0.138
0.0,0.0
5.842,7.103
36.392,2.715
2.569,1.498
17.54,9.531
0.084,0.0
0.802,0.589
57.725,41.715
24.644,19.676
2.7,0.007
13.173,4.858
14.766,7.486
37.993,22.984
0.785,0.059
15.931,16.194
6.659,3.672
1.532,0.018
1.976,0.192
21.885,29.056
12.338,9.075
20.656,0.007
7.984,135.866
7.991,6.383
12.462,6.096
12.462,17.371
2.783,6.436
8.919,4.787
2.233,3.22
9.659,23.888
0.816,0.075
77.398,31.707
83.786,57.188
0.136,0.002
7.809,8.246
0.0,0.0
943.404,1141.91
0.007,0.0
164.175,144.081
7.625,1.698
9.454,5.459
5.356,0.563
0.165,0.006
0.2,0.002
2.322,0.0
0.067,0.046
8.534,3.049
14.027,8.635
16.664,31.457
18.052,25.736
17.756,21.966
7.389,3.769
19.023,10.341
20.847,68.615
10.53,8.238
16.963,14.886
12.449,8.786
5.271,18.895
0.255,0.017
12.427,7.783
13.689,3.844
19.66,30.095
6.801,0.034
1.166,0.0
2.961,14.618
7.902,3.642
5.031,5.216
13.489,22.848
126.724,209.886
13.463,3.652
16.627,28.763
0.119,0.0
18.314,0.266
5.537,10.026
10.119,10.783
129.533,272.558
2092.24,3314.08
9.547,6.695
3.999,2.925
0.076,5.695
17.41,8.48
11.71,8.88
127.786,287.937
10.872,8.357
11.663,11.493
14.496,7.257
1.895,0.0
0.0,0.0
0.014,0.0
8.908,20.129
6.844,11.129
20.575,22.49
42.29,46.066
26.186,51.088
5.804,4.27
4.732,26.379
23.936,23.145
28.505,2.671
17.836,23.579
40.474,31.416
0.955,1.317
7.653,7.557
2.079,0.081
4.214,8.223
1.843,10.23
42.906,25.76
11.491,15.06
20.484,6.681
1.368,0.684
25.911,48.094
1.711,2.609
6.537,4.462
26.603,7.38
13.479,13.213
18.192,23.283
6.904,1.314
15.397,2.446
7.181,4.286
7.453,0.193
33.974,33.91
29.631,45.22
19.747,38.847
14.86,7.153
3.302,0.0
8.092,3.84
2.32,0.717
0.0,0.0
2.478,0.071
42.181,11.92
35.303,25.286
18.792,13.194
71.66,59.228
3.31,1.088
29.595,22.439
32.567,22.311
11.403,72.723
12.683,10.361
0.259,1.513
2.224,0.133
0.146,0.001
112.798,83.886
0.011,0.0
40.708,26.021
24.48,38.749
6.217,0.0
12.969,2.512
8.456,1.887
17.466,13.265
46.642,0.0
12.472,10.2
0.27,0.0
80.057,91.068
8.238,5.268
1.238,0.0
10.999,1.674
11.287,17.821
31.919,20.858
19.438,1.444
0.0,0.045
33.986,13.891
0.133,0.0
16.682,23.213
0.426,0.0
0.925,0.0
0.712,0.945
9.773,12.417
0.419,0.032
33.874,26.013
8.261,6.528
1.093,0.329
1.572,7.868
2.148,0.412
7.982,18.582
30.804,22.38
6.062,5.857
6.485,1.475
11.928,37.372
28.032,16.686
11.707,8.57
0.206,0.001
13.489,8.554
0.193,0.0
77.752,175.34
0.769,0.035
5.126,2.699
10.744,9.381
1.456,0.472
0.29,0.0
0.013,0.0
0.939,0.0
54.987,16.972
43.758,33.474
44.321,48.069
15.623,7.625
4.079,0.932
8.143,3.692
1.487,0.668
19.468,14.57
0.019,0.002
24.955,1.244
44.723,46.311
0.089,0.017
58.926,0.0
2.322,1.8
9.451,27.367
9.735,4.84
0.311,0.048
0.105,0.001
0.0,0.004
19.289,6.373
5.252,1.003
2.884,7.681
2.805,5.002
102.763,111.343
14.806,4.351
0.915,0.455
4.581,10.099
4.367,0.112
18.07,9.751
31.646,25.08
3.478,1.356
0.548,1.525
10.043,4.266
11.051,8.235
0.879,0.835
33.536,11.415
1.405,2.219
69.395,199.191
42.989,52.295
4.255,1.456
0.0,0.0
64.756,42.598
1.029,0.0
6.733,7.406
41.938,46.503
44.103,45.686
43.778,26.843
12.534,6.396
0.054,0.008
16.472,1.67
14.456,12.086
4.6,8.239
28.487,38.541
0.655,0.0
6.953,0.102
123.565,0.0
19.607,17.458
4.354,3.443
0.145,0.002
0.035,0.0
1.952,0.603
11.483,5.101
15.263,4.445
0.864,0.003
9.386,10.402
0.025,0.0
5.488,8.217
1.845,6.828
0.0,0.0
1.176,1.153
27.989,11.31
22.77,32.759
8.942,0.021
0.233,0.006
0.454,0.0
7.098,4.846
8.95,3.929
24.703,18.813
22.085,15.249
2.75,4.485
445.089,343.465
9.315,5.747
21.261,7.079
1.001,0.513
0.0,0.0
21.573,15.724
5.425,4.062
8.245,2.971
2.974,2.8
1.765,3.299
287.303,0.02
0.48,0.006
21.431,0.584
33.245,6.852
0.726,0.0
0.016,0.041
76.069,29.603
7.081,11.457
10.607,7.163
4.716,0.003
5.011,0.0
0.038,0.002
1.045,146.384
11.212,5.332
9.445,3.528
4.026,2.159
3.583,1.618
0.175,0.003
4.659,1.429
6.736,11.393
18.863,12.81
3.505,7.094
14.872,12.832
0.0,0.0
3.518,0.31
0.995,0.103
1.781,2.867
30.016,24.711
15.188,6.208
8.436,8.042
4.232,7.353
0.213,0.292
4.539,1.114
6.738,4.679
7.37,0.581
0.18,0.043
15.228,2.387
68.827,75.516
0.634,0.0
4.029,1.823
18.383,21.407
17.241,8.882
8.688,3.565
2.869,4.301
0.232,0.002
10.719,0.001
2.584,1.97
5.631,4.272
1.482,0.026
2.844,1.941
5.797,0.677
12.617,13.568
0.184,0.0
63.213,105.269
1.319,0.068
19.493,25.746
29.985,87.082
7.301,12.318
45.539,20.562
0.018,0.0
14.031,18.779
0.042,0.006
13.171,7.411
2.183,2.907
5.893,6.224
8.115,7.929
12.199,5.026
5.196,8.583
4.315,7.748
2.332,12.31
27.675,16.858
92.429,98.012
5.303,1.843
5.061,4.712
13.105,12.001
6.401,2.682
9.315,2.627
5.847,3.898
6.424,2.935
16.984,19.021
5.054,2.372
0.012,0.0
4.101,3.605
4.272,4.352
2.957,6.858
2.947,2.52
2.382,3.301
3.424,2.399
6.532,3.747
3.549,3.148
3.174,2.893
20.478,121.671
15.482,9.013
17.572,18.912
36.031,14.757
7.707,11.088
25.583,21.475
59.202,51.778
14.072,16.962
12.257,10.67
1.24,0.124
11.982,21.377
169.03,628.313
92.621,147.118
4.166,2.804
0.689,0.0
88.543,25.42
154.321,413.268
8.111,0.066
3.617,9.941
37.23,33.935
166.185,0.0
7.752,3.345
17.46,12.985
1.369,0.011
6.967,7.136
71.379,71.923
1.905,0.362
76.908,96.349
7.368,6.486
35.207,26.913
52.914,330.711
7.512,104.659
5.753,0.818
19.175,6.439
33.972,38.623
0.0,0.0
5.888,4.45
0.985,2.889
23.199,51.461
4.177,2.002
31.503,23.015
5.692,13.665
22.928,28.02
1.108,0.248
28.936,22.615
7.314,6.987
5.141,2.182
2.337,5.291
1.541,0.02
9.345,0.867
45.977,100.194
29.43,40.156
21.152,23.619
39.396,53.888
1.619,0.015
17.773,11.524
8.567,5.792
1.099,0.088
14.807,17.54
23.678,17.934
9.966,6.74
36.751,6.594
7.996,12.617
4.816,9.119
16.969,31.45
20.057,6.573
17.024,14.25
106.037,95.31
47.368,61.91
32.205,31.358
12.399,14.832
0.075,0.043
15.617,11.366
9.849,8.666
0.258,0.0
59.06,39.273
0.057,0.0
12.545,3.179
21.231,5.827
33.154,29.869
11.293,0.327
5.712,26.541
1.704,0.313
0.033,34.654
24.115,22.034
90.572,89.968
3.001,0.882
16.668,11.418
3.646,2.904
17.748,17.63
0.158,0.0
1.834,0.401
42.757,38.665
14.761,15.508
9.242,9.072
0.382,0.0
0.669,0.0
4.651,2.698
16.364,12.542
31.404,23.196
2.413,0.237
34.415,71.267
1.059,0.044
3328.0,134.685
41.717,25.386
29.474,32.726
12.828,7.092
20.207,25.899
1.607,0.006
0.054,2.382
30.194,21.455
16.765,16.655
97.595,141.923
7.458,5.904
2.546,0.0
91.19,17.846
0.129,0.011
7.69,30.524
1.539,0.075
34.021,40.45
4.96,1.85
27.248,15.373
19.82,20.194
5.238,3.119
6.262,2.081
57.33,43.215
12.692,12.887
14.102,3.835
37.213,21.048
10.13,14.04
127.545,112.758
22.08,30.307
0.776,87.95
0.035,2.841
12.091,7.358
12.238,12.342
48.729,37.992
1.585,0.007
19.89,23.408
5.244,2.919
3.795,5.446
5.842,0.082
12.616,11.838
3.588,1.714
6.306,2.568
20.767,3.539
1.131,0.042
2.571,2.241
25.046,16.106
117.954,44.125
21.98,72.367
6.409,6.955
15.201,11.878
27.117,0.642
0.409,0.0
95.549,52.832
21.578,24.516
10.279,2.818
0.147,0.024
4.32,12.705
26.827,7.631
14.978,5.669
0.843,0.097
2.754,1.579
43.672,65.938
0.133,62.588
1.133,0.864
1.485,0.091
15.198,8.999
0.0,0.0
3.665,2.554
18.32,38.641
13.22,3.507
0.038,0.0
158.774,163.332
15.614,9.327
6.024,5.405
4.07,6.086
4.311,4.77
4.073,0.004
22.045,0.0
22.457,25.255
5.959,2.242
1.58,0.0
57.378,60.244
80.285,127.441
11.403,0.0
45.461,33.344
0.048,0.399
9.164,11.131
3.525,0.167
18.777,2.554
12.994,10.768
20.848,20.552
15.786,12.886
4.937,3.825
81.63,35.796
0.549,0.863
8.087,2.253
0.03,0.01
0.151,0.195
3.554,6.444
4.488,2.37
38.905,42.33
31.724,60.371
0.978,0.555
0.093,0.0
3.594,3.049
9.603,11.205
1.097,0.159
166.915,171.422
0.069,0.0
7.949,8.745
43.135,46.804
0.021,0.0
124.965,100.015
50.956,41.077
62.044,107.515
5.924,2.372
42.59,15.843
9.72,454.804
6.38,0.779
18.877,54.985
2.608,1.908
0.462,0.013
193.243,124.845
8.508,2.841
5.421,2.736
56.924,51.219
2.098,0.268
82.718,176.983
1.195,4.865
33.737,55.973
5.634,4.364
11.814,12.03
19.212,14.12
0.988,0.046
13.3,24.466
18.172,24.954
2.87,3.213
24.337,9.763
88.994,73.647
14.637,11.25
23.762,23.89
27.942,24.18
15.066,1.689
18.496,35.42
0.071,0.0
31.465,7.89
15.786,26.83
69.977,38.26
9.27,26.307
41.108,2.223
42.015,42.043
0.42,0.056
209.656,0.0
0.0,0.0
18.194,42.129
17.208,8.524
17.908,12.47
33.264,21.933
0.353,0.125
14.793,10.867
9.639,96.07
1.794,0.0
1.742,0.004
7.619,1.166
13.81,4.13
15.562,14.109
3.746,3.287
14.517,10.774
66.94,34.575
0.0,0.0
8.269,8.019
9.65,13.753
12.265,5.568
15.944,132.431
15.575,15.508
104.494,101.61
43.354,51.873
18.623,13.846
13.503,10.235
0.82,0.016
11.481,4.041
19.711,1.793
14.466,9.29
5.919,3.039
9.261,7.019
13.788,17.443
0.0,0.037
18.169,12.534
6.07,4.803
0.047,0.004
17.82,10.986
0.049,0.072
5.798,11.437
48.966,43.347
0.663,0.054
0.121,0.0
32.643,22.67
3.082,2.963
9.214,8.551
0.146,0.001
2.647,0.038
28.008,41.306
21.192,114.966
0.83,0.202
8.074,14.468
0.364,0.0
54.004,79.195
9.22,7.248
85.15,0.02
53.756,38.743
0.158,0.063
62.583,60.864
171.711,0.0
7.517,5.394
1.196,8.981
34.872,48.935
32.465,29.442
0.994,0.128
0.0,0.0
0.044,0.002
16.625,13.318
1.535,0.139
1.335,3.74
0.041,0.0
21.713,31.823
8.967,3.174
9.582,1.264
0.0,0.0
92.169,40.055
11.556,3.311
26.733,20.098
1.103,0.007
0.046,0.0
0.868,0.0
9.836,13.628
7.962,7.262
5.619,0.835
13.964,4.806
13.141,8.778
7.983,4.083
21.422,17.738
83.315,68.077
0.08,0.006
43.358,28.743
16.766,18.806
8.559,4.949
0.942,4.026
20.432,26.573
0.012,0.0
0.259,0.0
13.039,0.351
11.017,8.394
11.518,6.569
13.142,5.884
9.241,2.275
31.543,22.181
0.81,0.017
48.727,18.701
26.575,0.056
60.645,177.842
92.688,315.688
16.033,10.685
0.257,0.018
15.002,8.531
5.706,6.668
15.331,1.271
12.627,8.766
38.517,80.68
6.017,9.488
2.879,2.45
14.629,9.157
35.792,33.63
24.097,63.799
5.253,0.02
5.733,9.442
0.0,0.0
13.366,10.375
5.315,10.067
9.096,8.844
5.14,2.119
10.761,4.631
0.0,0.0
0.388,0.163
0.027,0.018
32.884,44.627
5.562,4.898
16.176,13.674
25.345,21.305
45.734,23.186
0.028,0.002
13.876,7.858
27.941,13.372
13.006,4.425
61.829,55.998
13.407,13.852
0.0,0.0
92.838,106.039
3.956,1.802
12.717,3.589
24.874,19.666
6.29,14.493
35.21,47.229
16.447,1.353
2.323,0.025
13.363,14.8
3.635,61.303
14.601,1.219
0.0,0.0
9.792,6.65
11.745,0.938
20.445,11.323
8.926,5.151
2.316,1.255
0.198,0.246
2.995,0.0
0.805,0.0
3.31,0.231
0.416,0.0
58.983,2.264
1.638,0.782
0.186,0.0
23.053,17.481
6.629,2.32
47.044,48.033
0.198,0.0
13.716,0.732
4.948,6.552
0.041,77.124
0.0,0.0
1.713,0.0
9.16,22.504
36.872,23.274
13.995,4.641
12.568,0.0
30.113,27.388
4.614,2.46
0.0,0.0
915.918,947.127
0.0,0.0
16.729,11.427
28.614,116.232
6.253,1.813
33.263,87.99
10.618,4.07
47.525,8.999
4.032,3.34
4.389,1.394
0.363,0.023
42.461,18.515
20.734,99.817
16.733,19.104
15.809,3.857
1.967,1.059
0.402,0.939
425.739,1137.98
20.802,28.0
11.461,20.816
15.43,24.248
21.966,36.958
8.414,49.77
3.466,1.2
2.76,0.652
7.862,1.117
10.574,21.82
7.155,7.297
6.852,2.637
13.11,6.447
21.09,4.384
24.642,16.875
9.261,23.442
0.373,0.09
108.888,243.226
17.346,7.588
2.555,0.776
19.205,3.216
18.881,2.791
20.229,14.639
4.605,0.0
4.681,0.0
53.861,31.513
148.8,86.165
2.747,0.645
0.014,0.0
0.0,0.0
3.988,0.0
0.319,0.003
104.911,95.832
12.011,12.085
127.098,143.471
166.119,174.569
37.964,54.801
50.544,47.669
9.912,18.858
11.618,14.874
9.971,19.62
68.293,88.804
29.027,18.185
11.284,0.383
0.122,0.0
3.864,3.832
13.325,22.983
19.212,23.799
12.944,0.012
0.474,0.004
0.306,0.0
59.492,126.713
5.091,2.305
18.401,9.749
64.91,39.384
22.375,13.609
7.636,4.826
22.213,15.054
45.083,0.006
16.545,13.327
59.423,34.028
13.593,10.184
3.532,0.11
3.064,0.008
43.332,69.092
1.782,1.057
9.416,0.048
0.0,0.063
9.963,16.8
10.827,4.344
29.53,29.805
3.819,1.869
0.02,0.003
20.156,2.242
3.676,4.681
1.652,0.16
43.012,14.927
1.796,0.022
4.543,2.922
2.667,73.836
0.012,0.0
14.135,17.203
20.47,10.514
0.05,0.002
5.76,0.019
48.087,89.04
22.063,33.133
26.847,35.527
6.742,3.703
3.698,1.41
11.983,12.523
1.949,2.315
14.447,4.224
0.294,0.205
0.883,0.28
5.389,6.254
5.145,3.942
9.012,40.3
1.571,1.059
83.68,63.669
5.524,9.103
1.194,0.005
2.176,0.0
13.431,7.78
25.183,19.947
20.502,13.644
1.021,0.0
484.77,2178.15
9.46,6.115
2.797,1.88
11.139,13.144
11.972,2.619
9.916,7.14
7.193,14.246
13.729,9.069
1.332,0.966
1.268,0.0
11.382,12.238
120.988,225.109
55.77,91.942
11.249,78.426
10.378,13.371
51.937,0.0
4.977,8.023
2.423,3.93
5.716,12.971
4.753,0.299
0.046,0.0
16.08,17.58
6.041,0.584
0.045,3.316
3.055,0.007
26.47,15.139
1.052,0.275
100.042,66.371
0.927,0.072
11.432,21.978
8.398,6.367
8.943,15.814
54.234,58.953
0.089,0.006
112.166,55.232
31.175,70.548
21.127,35.886
22.076,20.994
16.009,12.075
33.377,30.081
2.857,7.585
78.632,114.004
17.16,15.418
26.22,25.141
21.54,24.684
66.391,42.185
5.531,6.493
0.0,0.0
0.344,0.008
53.956,30.768
10.79,6.349
25.943,47.778
4.245,2.819
0.369,0.0
27.528,56.148
12.044,8.803
6.851,4.797
6.123,4.985
14.783,12.302
4.111,2.666
13.739,6.365
11.208,19.797
8.77,11.764
35.448,49.534
0.344,0.187
19.018,17.631
53.95,138.676
5.138,0.315
33.891,22.169
2.6,0.656
5.124,8.855
0.109,0.004
0.198,0.009
4.866,4.358
18.723,31.836
7.908,0.037
10.595,11.451
16.171,20.133
6.003,7.704
15.484,16.285
1.088,0.0
0.085,0.057
13.22,0.297
5.633,7.652
98.942,204.937
0.184,0.013
11.838,13.056
40.002,59.436
22.355,3.519
3.768,0.032
69.546,182.939
5.401,5.064
19.43,21.903
2.789,1.639
10.638,0.0
13.527,67.694
2.518,0.263
1.978,0.006
12.88,14.692
1.347,0.0
7.752,4.216
5.578,7.887
80.263,35.55
0.865,0.04
23.027,38.334
19.579,7.0
7.251,12.458
0.578,0.732
30.639,77.493
15.014,17.085
28.273,56.564
44.347,41.133
7.281,15.53
8.301,5.153
6.759,14.682
17.048,29.639
20.483,15.434
9.877,3.509
12.937,8.325
0.689,0.031
12.847,3.511
0.008,0.003
19.993,13.029
16.795,13.887
36.049,22.195
19.124,13.835
0.265,0.0
0.0,0.015
0.0,0.01
12.116,16.226
52.099,92.543
12.516,0.011
1.073,0.745
10.753,4.315
6.97,3.133
8.917,5.391
0.773,0.998
5.976,5.881
31.976,77.089
1.584,0.052
10.782,6.819
28.26,21.974
2.604,2.596
22.439,16.035
67.715,104.801
2.415,2.37
14.718,17.864
0.0,0.0
2.999,123.287
9.047,7.294
0.0,0.0
33.395,37.644
18.988,14.026
25.88,9.25
2.935,3.017
5.66,4.795
10.009,6.732
0.538,0.396
49.12,64.085
4.374,5.675
7.493,0.114
7.818,19.191
4.91,1.111
51.754,23.794
7.827,7.84
33.527,24.907
0.062,0.014
15.301,32.149
14.264,25.883
8.174,3.681
4.617,2.71
0.995,0.015
0.493,0.414
1.896,1.446
110.955,106.741
104.772,52.609
6.411,16.757
60.828,27.863
0.051,0.014
37.219,39.116
3.785,0.0
0.369,0.186
11.381,9.869
4.523,19.73
33.878,34.475
0.029,0.0
17.162,16.923
18.081,11.298
6.253,14.72
0.718,2.096
6.263,10.068
16.799,12.318
11.01,19.942
1.263,2.728
18.485,12.229
4.876,3.212
101.484,196.985
26.883,18.714
38.348,22.522
25.526,13.57
5.698,5.536
116.024,129.644
82.086,43.142
10.776,0.384
14.914,10.182
9.575,17.74
52.843,0.113
25.934,18.333
0.014,0.0
16.841,4.666
20.968,24.899
16.986,23.809
18.033,11.911
23.383,20.363
34.526,31.844
11.561,8.971
37.224,20.711
5.105,3.62
4.358,0.511
32.562,32.021
29.467,18.939
17.949,26.482
75.519,8.842
12.889,33.919
6.027,0.04
36.453,4.688
26.669,11.928
39.515,97.672
0.949,1.095
0.011,0.0
60.593,70.704
56.323,279.01
32.92,9.762
12.865,52.529
20.728,11.741
6.799,1.569
1.908,4.214
13.034,5.666
30.979,17.858
0.899,0.004
15.326,11.191
105.954,13.637
0.0,0.0
10.457,0.034
24.346,28.699
1.056,0.011
76.922,75.594
2.813,0.013
1.66,0.006
19.9,9.329
13.426,12.371
9.349,0.0
37.329,15.179
40.017,6.217
1.879,0.0
28.129,35.923
8.431,0.008
16.557,9.942
82.176,127.69
27.488,59.631
35.203,28.93
39.22,109.917
53.353,36.593
3.117,0.013
42.9,33.638
0.201,0.0
8.864,9.18
136.834,288.831
20.898,0.455
1.518,0.939
39.659,25.338
14.111,5.598
13.992,5.318
35.696,41.372
15.559,0.074
4.696,0.0
5.018,0.005
29.056,15.026
0.105,0.0
0.055,0.001
0.105,0.0
91.55,0.351
3.004,0.392
10.767,8.161
33.854,37.25
0.408,0.076
51.483,36.117
0.396,1.906
24.895,4.402
11.251,13.714
4.132,2.122
0.0,0.0
41.619,99.388
3.12,0.037
44.861,45.318
0.432,0.023
0.044,0.0
1.352,0.029
8.81,7.881
0.097,0.0
42.03,37.401
3.223,0.714
0.669,0.042
0.604,2.099
32.076,65.153
4.783,138.124
0.0,0.0
0.0,0.021
0.032,0.0
0.508,0.0
3.563,2.411
30.444,7.236
0.211,0.0
38.691,45.498
0.145,0.0
10.573,6.324
24.635,21.578
8.135,2.825
0.009,0.065
16.309,19.664
0.918,0.21
71.141,78.156
27.647,70.36
49.821,75.14
92.129,75.323
15.964,47.759
10.136,10.8
17.354,8.555
0.06,0.0
27.48,20.111
36.749,11.095
23.407,16.112
6.068,4.737
73.904,37.658
0.154,0.0
0.0,0.008
0.349,0.0
106.879,99.562
0.291,0.0
0.802,0.0
10.339,9.557
4.158,4.04
97.699,352.762
3.014,0.002
0.0,0.0
34.102,52.768
0.0,0.007
6.563,6.261
24.778,33.294
4.615,0.969
2.03,3.911
21.242,21.104
0.532,0.137
7.062,9.474
68.887,66.771
0.12,0.009
5.0,5.928
0.0,0.0
13.328,8.772
4.73,7.947
34.962,16.598
31.745,33.537
6.59,4.364
12.33,5.443
15.969,7.781
0.433,0.054
150.495,413.176
6.565,4.697
0.457,0.01
6.468,4.865
20.976,9.649
8.298,6.741
1.028,25.553
9.147,10.013
2.397,2.83
9.978,1.558
0.014,0.003
10.266,3.112
16.229,12.217
17.313,35.466
22.749,19.729
12.14,14.951
0.231,0.088
5.617,5.998
0.057,0.733
23.811,32.869
4.966,8.327
20.753,2.31
15.408,0.135
1.06,0.006
85.674,63.082
13.542,2.103
5.026,6.805
9.322,4.48
0.123,0.0
7.035,2.965
0.015,0.004
0.011,0.0
8.855,4.212
33.124,28.659
0.0,0.0
10.557,4.671
8.027,10.981
2.298,0.035
14.716,24.378
11.458,16.32
0.022,0.0
24.114,190.579
0.0,0.0
9.164,4.32
28.744,16.29
8.567,5.355
0.06,0.076
0.0,0.0
15.745,1.451
12.232,11.676
0.153,0.006
0.985,0.039
174.737,543.4
1.007,0.14
0.137,0.0
47.016,133.641
16.974,25.173
3.379,0.007
12.975,22.833
22.977,13.602
0.446,0.611
4.991,1.366
0.575,0.054
36.477,41.761
1.863,0.122
0.017,0.024
0.0,0.0
3.417,2.038
0.0,0.0
16.792,8.124
59.049,10.366
9.634,0.441
12.903,19.31
33.981,32.205
0.0,0.0
15.803,2.441
54.356,26.236
10.568,5.585
0.145,0.141
311.767,424.953
26.461,0.0
26.221,20.384
73.252,48.914
0.301,1.191
30.73,33.942
11.776,9.872
8.709,4.022
0.043,0.0
9.945,7.632
7.934,3.344
40.023,61.403
35.538,8.242
2.129,9.923
0.0,0.0
29.718,0.237
0.084,0.346
0.0,0.0
161.514,229.952
0.857,0.756
8.779,3.002
0.101,0.001
13.202,10.184
5.646,2.557
8.151,47.587
0.016,0.0
64.515,51.331
57.066,104.524
0.336,3.761
2.867,4.317
1.404,0.959
0.555,0.002
5.801,6.183
0.354,0.045
0.098,0.008
19.628,31.183
22.794,23.429
15.928,7.917
34.993,9.429
0.53,0.197
0.973,0.345
0.056,0.013
0.139,0.0
16.049,31.67
0.639,0.089
16.75,22.502
0.152,0.0
2.423,0.986
2.45,1.972
14.207,65.346
32.748,29.93
10.325,20.356
16.062,19.194
7.477,3.88
10.727,6.771
0.298,0.008
0.643,0.008
23.658,42.719
8.551,6.651
11.689,12.396
23.364,31.548
0.965,0.0
3.167,3.287
6.704,8.481
0.81,3.169
5.189,5.97
5.615,5.783
0.0,0.011
1.62,1.51
0.324,0.08
30.758,41.416
6.302,10.401
0.007,0.0
9.452,0.611
24.988,3.873
10.307,5.393
12.233,14.701
17.42,1.643
47.627,46.627
28.889,15.857
6.631,0.729
4.551,38.581
0.0,0.049
18.565,22.89
14.094,9.799
77.992,132.138
44.389,68.805
31.708,21.082
0.363,0.359
18.57,9.719
21.052,29.95
11.104,8.891
2.78,0.0
45.743,87.444
13.842,5.912
4.839,0.009
0.203,0.025
9.968,5.507
0.334,0.0
31.232,21.48
30.178,20.83
57.487,56.933
4.55,0.538
3.59,1.972
23.61,4.3
27.039,45.097
27.793,43.1
3.766,3.643
0.0,0.0
28.947,15.749
1.062,0.113
29.092,31.806
8.063,4.059
11.508,14.527
25.542,25.835
2.56,54.076
6.168,7.625
27.483,25.575
1.194,0.0
9.859,6.256
20.253,15.021
18.739,13.531
7.635,17.611
8.631,0.348
23.686,24.621
16.641,14.075
49.406,28.498
11.578,6.442
66.988,9.748
19.658,5.205
5.438,4.995
37.465,32.767
1.707,0.018
19.061,8.94
30.563,9.798
11.78,7.396
21.568,0.0
0.246,0.019
141.531,189.157
61.25,45.98
2.762,0.46
18.029,12.097
6.179,3.695
45.048,22.509
31.07,26.265
63.463,52.733
6.091,2.912
6.063,0.0
9.175,8.275
7.251,4.369
36.361,14.28
13.589,4.053
18.174,13.669
225.961,702.202
29.954,10.807
16.278,14.948
68.731,142.124
3.789,2.254
22.081,21.447
34.003,24.633
0.0,0.0
0.049,0.003
0.919,0.273
16.944,12.075
34.612,12.448
40.816,34.588
52.447,30.988
6.637,5.317
8.401,8.603
33.812,25.806
5.276,0.027
18.917,16.968
117.622,115.336
28.239,8.649
0.158,0.0
14.28,12.829
5.393,10.681
16.595,57.175
44.883,52.801
20.663,6.374
35.201,44.899
12.046,0.536
5.893,0.0
2.796,6.188
24.174,18.945
62.263,1.144
2.7,8.368
29.786,55.363
2.867,4.032
214.652,53.56
12.024,20.559
36.937,39.369
52.782,39.014
13.983,7.772
80.569,61.442
1.322,3.503
1.696,0.059
0.805,0.077
11.615,4.617
8.086,11.949
0.037,0.012
30.882,21.996
27.289,11.704
0.0,0.144
17.52,13.978
0.589,0.416
6.459,5.729
8.866,2.414
45.084,22.48
6.993,2.467
9.48,8.719
8.203,11.349
1.782,0.068
0.576,1.971
0.446,0.001
2.54,0.024
34.546,53.845
12.403,5.904
3.734,0.795
31.395,52.144
7.157,7.045
6.503,0.164
20.346,8.828
2.551,1.811
12.276,93.453
13.534,18.607
12.74,11.454
7.123,0.499
0.16,0.003
3.315,0.0
9.134,2.981
0.18,0.018
0.348,0.003
11.334,6.709
11.73,32.251
4.843,0.167
7.101,0.959
5.481,0.0
4.353,6.295
40.496,19.309
7.612,8.425
11.849,0.907
10.097,18.755
19.002,10.888
1.72,2.117
22.283,9.179
7.899,0.169
4.465,1.433
1.669,0.018
5.585,2.468
7.142,3.129
6.48,7.989
6.024,16.297
11.772,6.715
0.023,0.308
7.104,46.155
3.677,2.377
7.163,6.296
10.315,9.631
4.064,0.212
13.911,8.252
2.336,0.044
9.872,3.518
15.318,13.632
0.445,0.026
31.342,25.898
42.288,124.409
104.098,86.994
4.897,3.619
4.555,15.616
3.723,7.446
6.259,5.756
14.739,24.076
2.635,4.197
0.077,0.0
3.117,1.867
4.287,4.944
22.899,24.192
76.165,55.631
10.172,4.533
7.37,57.987
0.439,0.024
64.488,191.565
3.144,5.616
0.317,0.0
0.027,0.0
26.227,19.1
3.048,5.533
3.485,4.562
31.223,13.075
1.242,0.004
3.239,1.459
0.0,0.0
16.519,11.788
8.335,4.427
16.89,41.468
7.724,12.157
41.371,53.156
0.056,0.0
43.303,78.835
6.021,4.41
14.649,11.275
8.402,5.528
34.89,27.544
4.12,3.004
15.3,10.054
17.524,25.535
12.544,12.668
43.696,15.602
5.008,31.904
21.437,31.902
2.783,2.466
0.55,0.907
17.848,31.399
7.098,11.351
10.498,11.065
57.543,68.224
0.274,0.0
14.521,15.42
8.236,0.016
37.747,21.129
64.082,21.337
24.093,15.884
8.319,124.204
0.096,0.013
77.916,34.942
0.698,3.441
43.251,76.29
6.028,0.194
0.239,0.068
100.974,81.021
181.269,115.366
11.392,13.334
1.649,0.028
0.223,0.143
9.522,0.099
16.526,11.648
0.02,0.007
58.564,39.721
72.793,66.324
5.5,4.673
21.582,7.467
3.775,0.767
7.15,6.541
21.796,1.065
43.837,53.568
0.325,0.018
12.578,8.538
13.997,35.324
1.524,1.824
17.351,15.858
23.306,4.567
49.549,61.18
1.713,0.069
71.372,65.548
0.996,11.24
4.716,0.0
143.288,26.242
18.683,0.16
0.592,0.204
18.192,0.005
528.621,599.83
38.613,34.758
38.185,53.186
0.0,0.0
2.671,0.0
17.486,6.201
0.044,0.0
0.144,0.005
24.701,18.185
3.403,1.6
1.217,0.231
20.652,11.759
73.81,40.871
161.17,252.206
0.29,0.016
72.563,106.365
0.114,0.0
0.201,0.0
22.02,8.47
0.108,0.0
23.569,9.595
96.808,118.543
33.255,29.954
7.047,5.359
9.931,10.169
48.995,37.957
29.782,12.862
11.755,9.882
58.464,81.117
62.304,52.927
3.498,3.785
7.018,6.853
6.752,0.565
2.5,0.007
14.402,13.41
0.37,0.051
16.865,13.075
2.039,1.795
42.975,17.112
1.009,208.394
0.955,61.612
4.841,0.188
11.995,19.712
13.079,10.637
35.718,41.75
61.353,48.011
12.778,26.566
44.755,32.824
0.0,0.0
197.249,307.58
9.629,5.769
0.0,0.0
0.458,0.016
122.394,94.974
16.52,26.72
53.608,46.939
1.21,0.433
14.654,7.857
14.561,7.32
1.996,0.12
21.104,18.256
0.576,0.003
24.667,50.647
8.102,1.671
48.116,31.582
0.074,0.005
11.675,0.174
1.172,0.0
106.497,187.296
19.334,12.023
3.372,0.243
10.942,2.813
16.522,10.816
11.746,2.71
120.848,27.567
19.769,27.191
9.057,1.107
92.621,12.149
1.811,1.157
26.049,45.577
0.0,0.0
59.634,120.987
5.948,0.036
0.042,0.0
0.496,0.116
0.284,0.0
6.121,0.703
177.949,61.343
0.13,0.0
10.258,1.19
80.879,77.302
5.317,0.012
3.826,0.0
0.057,0.005
55.017,76.728
19.136,6.781
10.6,0.0
130.002,309.057
61.642,73.563
60.066,123.327
4.311,0.055
6.461,0.872
38.926,6.168
5.443,2.424
0.0,0.0
7.753,6.329
212.329,105.7
10.439,7.691
24.245,39.407
3.784,0.06
0.135,0.015
11.525,3.235
0.404,0.189
3.801,1.266
25.741,21.166
0.066,0.0
5.092,1.799
0.71,0.072
0.205,0.007
0.0,0.0
0.148,0.05
11.346,44.192
15.113,0.427
36.891,38.194
4.699,3.395
26.464,8.226
0.522,0.029
16.508,3.456
0.135,0.107
0.146,0.0
28.611,28.548
18.489,14.446
10.161,2.881
70.363,134.672
33.206,59.841
131.578,145.418
4.746,0.0
15.408,14.338
0.0,0.0
13.923,0.068
26.861,40.468
4.587,0.104
5.449,3.366
26.587,36.025
14.185,10.046
3.442,0.131
0.09,0.0
1.486,0.036
8.67,3.156
37.706,28.931
9.997,1.771
0.708,0.015
62.676,8.719
8.948,8.673
6.613,1.166
16.114,4.232
0.388,0.005
1.41,0.74
183.29,235.946
29.779,38.255
0.635,0.148
0.107,0.003
19.296,27.486
74.991,94.091
0.058,0.0
0.0,0.0
0.684,0.0
7.644,0.054
23.914,0.0
67.358,59.839
36.926,111.131
75.211,93.435
185.121,154.486
14.29,14.156
14.571,0.0
2.779,1.305
4.79,0.247
2.963,0.934
38.477,49.693
29.268,21.564
20.186,9.303
13.4,15.812
1.412,0.061
10.171,4.865
2.626,1.422
18.51,154.239
8.244,5.049
23.706,15.713
7.05,3.119
0.087,0.127
0.563,0.092
3.833,1.845
8.102,1.428
35.222,31.433
25.052,21.266
10.438,3.414
65.053,98.658
7.368,3.542
19.877,13.222
18.441,11.217
4.933,0.001
0.728,0.157
30.143,20.845
1.153,14.832
11.152,7.507
4.178,2.176
5.27,1.818
7.466,9.721
0.423,0.038
15.354,9.597
1.251,0.042
116.244,90.722
3.14,0.145
4.504,2.992
7.377,5.508
3.762,12.692
0.541,0.653
17.686,18.917
3.689,2.57
43.309,66.082
0.0,0.0
2.54,3.675
0.327,0.001
54.665,25.851
7.395,84.241
109.977,528.956
22.682,56.304
0.552,0.327
11.198,9.316
0.021,0.002
1.748,5.225
10.303,8.842
0.437,1.159
3.658,0.667
5.436,23.322
5.328,8.395
1.101,0.586
16.858,7.597
4.687,3.029
0.3,0.177
0.911,0.0
1.667,0.102
21.594,14.124
2.679,0.001
7.971,0.426
0.113,0.0
35.239,29.884
29.482,18.316
11.973,0.249
1.492,0.024
9.999,1.315
13.3,17.098
2.935,0.047
11.001,10.37
4.151,2.006
7.393,9.935
2.858,2.436
70.585,133.184
0.024,0.0
21.333,0.423
1.579,0.746
0.073,0.002
16.398,13.736
289.591,229.001
0.171,0.0
436.856,195.199
4.301,0.015
58.846,26.963
35.972,20.112
15.639,22.767
0.556,0.02
16.274,17.841
46.458,39.898
11.951,7.416
12.878,9.363
7.387,5.678
40.415,8.943
23.167,14.151
0.0,0.573
0.0,0.005
34.404,48.897
9.435,0.133
5.934,11.123
13.598,7.305
0.0,0.006
57.903,0.24
0.318,0.225
0.036,0.0
17.008,14.505
6.82,1.888
31.244,45.891
9.061,3.173
22.006,5.884
124.418,779.941
40.133,124.853
2.394,0.003
12.832,7.251
51.999,43.733
19.507,9.121
16.56,10.726
9.071,1.929
0.0,0.0
8.269,2.062
0.171,0.0
9.805,3.908
6.753,6.104
18.24,5.564
30.531,11.167
4.218,3.359
3.042,1.79
0.121,0.004
20.971,12.104
1.285,0.0
14.319,8.674
0.579,0.258
0.572,0.002
26.299,10.715
17.74,0.049
15.273,1.643
22.356,4.413
38.267,47.366
3.14,0.2
0.179,0.01
8.324,3.314
38.334,39.246
8.259,2.379
28.015,24.893
7.05,8.854
43.428,51.966
8.633,4.949
48.22,15.182
1.952,8.586
52.465,0.035
70.28,78.45
0.501,0.035
0.06,0.0
18.382,25.812
42.353,70.352
14.251,11.732
0.0,0.0
8.143,5.793
133.149,205.903
15.728,11.638
0.102,0.101
2.619,0.584
4.902,0.016
7.39,6.25
1.62,0.592
0.864,3.728
35.362,32.486
2.531,6.04
19.138,18.499
3.79,0.341
5.471,5.239
10.901,8.778
5.261,18.688
17.345,10.03
62.36,67.105
7.159,0.582
1.981,0.0
0.035,0.006
0.26,0.503
5.896,6.449
1.585,1.67
11.492,20.342
4.246,1.647
116.256,0.0
6.852,1.219
0.0,0.0
8.352,0.141
50.594,12.128
12.824,18.834
4.073,4.142
0.982,0.418
0.049,0.097
10.384,8.315
17.388,12.204
6.934,10.011
3.446,3.799
1.695,0.393
6.523,28.739
0.15,2.422
22.111,35.836
13.808,8.935
0.073,0.0
71.688,27.955
24.652,13.683
30.751,0.004
19.957,34.134
10.223,18.051
5.089,2.977
0.067,0.006
1.977,3.159
136.782,142.505
1.417,0.004
0.345,0.021
10.863,5.833
19.366,16.556
42.01,11.426
0.385,0.329
11.224,10.64
0.493,0.005
1.659,0.022
15.775,6.322
14.004,16.2
40.789,22.832
14.363,7.19
14.004,9.228
26.778,12.248
32.709,31.353
55.001,176.089
6.9,3.751
9.423,0.0
86.93,5.194
1.407,0.012
12.432,18.395
9.312,6.221
3.667,1.49
6.001,11.35
7.373,3.78
4.086,0.002
19.27,22.157
60.546,21.85
0.088,0.0
0.38,0.036
1.48,0.735
0.0,0.0
0.518,0.0
23.81,17.609
6.1,2.977
14.923,16.438
9.164,5.413
13.911,7.82
4.659,8.757
3.059,0.01
5.068,5.424
0.109,0.008
1.869,15.395
2.664,0.073
22.22,18.488
12.619,5.341
6.479,10.149
10.613,13.524
15.32,7.904
5.691,8.582
12.818,25.916
0.491,0.0
9.628,11.219
17.129,11.786
25.127,63.773
5.361,0.331
8.513,8.573
0.078,0.02
40.663,99.288
17.88,16.0
0.427,0.021
26.923,26.102
11.693,28.462
1.498,0.198
6.518,5.279
40.638,51.238
5.464,3.7
4.351,0.925
12.702,6.242
5.223,4.69
19.701,28.015
20.417,19.468
5.387,4.087
19.068,12.149
5.902,3.763
1.537,0.054
11.531,37.219
15.155,34.522
13.603,42.768
2.557,0.385
16.9,188.453
0.043,0.0
40.927,64.103
1.082,0.002
13.737,17.545
12.34,28.005
35.922,8.425
11.888,10.25
19.089,9.061
18.483,27.817
11.187,16.387
22.432,22.84
134.094,87.72
22.602,3.418
10.017,0.065
65.052,97.651
0.999,0.161
26.274,39.011
0.279,0.0
2.305,1.232
0.017,0.045
5.09,1.751
0.162,0.018
21.053,7.456
28.216,42.189
6.522,6.859
43.146,17.687
13.046,9.178
39.314,33.985
20.264,11.475
209.622,311.45
12.281,10.49
6.998,1.762
0.216,0.613
23.381,9.891
0.045,4.042
51.577,84.78
41.62,20.847
4.195,13.248
0.915,0.052
7.317,5.321
1.856,1.827
0.245,0.038
12.586,11.174
2.012,1.472
20.491,15.862
36.594,13.195
0.498,0.0
30.331,14.46
0.125,0.0
9.95,2.915
130.568,104.714
12.591,20.301
23.364,59.867
12.014,12.914
71.893,43.745
45.38,23.474
8.278,2.974
6.829,5.34
24.3,2.658
11.644,5.4
17.499,9.023
18.609,12.267
3.752,0.2
8.988,0.718
754.921,1334.74
73.915,97.545
44.541,52.587
5.752,0.004
0.509,0.042
13.465,3.633
29.129,37.662
225.205,211.892
0.693,0.001
33.778,1.546
20.791,18.966
10.258,8.641
47.385,30.131
5.885,10.594
12.908,17.89
28.529,29.705
10.22,10.992
0.973,2.115
58.953,64.16
10.684,0.119
84.059,44.433
5.304,9.699
11.104,8.885
175.295,199.616
13.526,7.253
10.668,8.85
45.207,54.318
305.598,101.116
0.063,0.033
0.274,0.0
30.731,0.0
0.034,0.0
0.428,0.0
4.59,7.884
0.905,0.0
0.147,0.253
4.203,3.092
61.528,24.207
81.185,103.006
26.672,15.636
0.057,0.003
0.477,4.839
32.607,41.496
21.038,2.422
0.857,0.0
13.065,6.833
4.105,0.048
41.657,0.773
0.035,0.015
6.805,6.341
165.868,147.741
116.223,148.083
2.691,0.235
0.197,0.436
17.258,5.445
5.711,22.548
52.115,7.624
0.256,0.0
5.081,0.607
12.077,24.613
29.625,29.547
0.136,0.0
57.259,87.153
20.351,0.036
8.777,0.0
110.613,74.701
6.448,4.125
2.126,0.0
330.132,445.403
32.274,4.083
24.083,26.715
33.321,52.556
4.57,1.273
9.701,38.803
58.06,26.772
0.075,0.0
0.0,0.0
81.469,26.924
0.636,0.219
21.16,27.337
9.514,8.878
18.052,0.0
20.468,90.15
15.641,10.55
43.797,46.358
12.315,28.741
24.307,16.198
0.576,0.0
9.473,12.051
77.937,99.342
38.931,29.78
23.874,54.325
19.038,8.0
0.014,0.0
18.579,18.963
0.016,0.0
0.0,0.062
8.898,10.259
28.024,23.278
9.849,0.0
0.0,0.502
9.46,6.661
5.363,6.264
0.023,1.525
1.868,0.0
0.0,0.0
9.988,14.314
26.722,3.504
2.286,0.023
8.751,12.074
0.0,0.077
10.288,20.682
2.898,418.251
5.362,2.37
30.444,40.949
0.208,0.636
6.85,4.726
27.778,10.454
0.0,0.0
13.649,13.438
21.111,11.33
2.841,14.438
4.133,2.809
3.975,8.882
0.0,0.0
40.027,6.946
14.111,12.813
0.027,0.047
12.01,21.893
19.564,6.894
19.692,10.186
13.437,9.583
4.458,5.196
9.779,7.341
33.591,37.554
20.622,0.005
4.617,1.767
5.732,0.004
8.71,5.444
1.137,18.625
4.768,9.656
9.537,8.419
3.45,3.847
0.062,0.0
16.77,8.085
11.002,10.119
5.867,7.769
2.345,0.031
28.895,35.765
2.22,0.774
0.881,0.227
3.832,3.972
3.517,0.009
6.634,4.44
0.456,0.079
9.931,12.421
14.838,9.553
7.408,7.105
0.695,0.163
23.202,17.904
46.626,17.188
2.957,0.027
1.59,0.024
2.104,1.864
0.0,0.0
17.302,10.081
16.122,103.487
9.794,3.091
0.045,0.124
10.533,9.13
21.223,33.176
49.13,51.447
29.934,10.831
0.169,0.05
12.235,29.321
0.008,0.027
0.892,1.283
1.301,0.02
500.51,1111.67
0.056,0.0
9.473,8.68
22.83,4.003
5.263,6.19
15.684,12.467
15.544,45.944
3.607,2.013
9.707,5.043
12.919,44.754
22.538,19.003
18.808,12.101
6.281,7.822
9.198,17.105
8.27,2.623
12.055,5.986
20.352,14.885
1.001,0.006
0.252,0.0
2.167,0.0
23.685,13.519
18.259,9.946
98.536,173.752
66.493,37.332
71.867,53.448
67.526,26.67
0.39,0.0
0.441,0.163
3.149,3.674
8.312,1.441
31.773,1.182
9.843,21.155
0.521,2.869
10.444,32.622
7.0,5.775
4.045,0.0
0.92,0.0
35.951,0.0
4.76,5.997
6.805,7.925
0.89,0.653
173.688,195.674
2.104,0.029
1.607,24.505
20.796,12.149
26.516,9.652
16.727,13.393
2.454,0.603
12.527,12.954
9.614,55.995
11.851,26.237
2.105,2.941
3.791,5.467
15.252,10.487
2.625,0.001
14.159,20.101
1.222,0.007
5.265,0.0
3.294,1.822
0.0,0.0
159.375,0.741
8.102,6.553
11.411,5.02
18.739,18.224
15.695,12.691
8.533,16.973
8.572,1.893
43.911,48.103
14.429,27.102
0.109,0.0
0.185,0.02
0.0,0.0
0.799,0.216
22.108,10.607
19.314,12.421
44.374,40.353
24.327,29.143
32.044,15.865
23.577,13.483
21.407,2.807
0.925,2.786
8.204,11.052
10.434,13.67
3.39,0.053
0.061,0.0
0.213,0.03
5.075,12.96
18.477,0.549
10.731,19.138
2.273,4.276
15.649,0.0
11.013,16.026
5.351,0.302
13.437,12.777
10.341,0.477
39.698,65.672
4.66,4.353
0.061,0.0
8.097,3.817
1.905,0.019
7.088,21.995
10.283,8.402
62.638,16.504
6.895,15.489
11.037,10.571
10.761,12.985
6.894,0.0
0.955,0.955
537.561,738.237
150.139,46.154
0.492,0.003
8.131,9.567
13.342,5.013
2.109,21.442
0.0,0.0
0.0,0.0
3.004,0.005
348.215,156.346
4.543,0.011
10.472,3.464
1.223,0.434
7.57,0.032
42.89,28.249
19.193,29.248
17.043,38.755
0.196,0.0
2.341,4.381
11.468,3.462
1.526,11.357
5.215,4.731
63.331,24.19
2.493,1.555
0.049,3.702
2.752,1.716
57.581,10.351
16.24,10.582
24.291,26.492
0.0,0.0
0.0,0.116
28.021,9.02
0.446,0.0
21.233,19.116
0.596,0.36
5.481,1.578
0.046,0.0
12.957,4.627
13.067,9.015
5.476,3.292
16.011,0.003
34.441,4.632
0.518,0.025
9.436,4.743
0.029,0.019
6.267,87.07
18.603,32.026
5.856,4.342
51.934,82.116
8.323,19.625
2.754,0.427
0.561,0.0
13.584,0.69
1.79,0.067
78.43,98.523
13.768,17.74
22.728,20.966
10.937,7.702
16.943,65.629
0.375,0.067
0.08,0.011
12.933,19.352
2.316,62.322
2.584,0.004
19.84,16.106
17.899,11.374
0.839,0.0
57.184,73.991
1.266,0.079
21.142,18.081
0.0,0.0
0.0,0.0
54.435,65.117
2.568,1.093
23.885,15.236
8.005,5.699
28.812,2.619
27.375,18.568
17.092,12.42
3445.47,8339.04
30.613,32.583
75.005,32.04
0.873,0.015
6.576,4.262
31.826,55.008
10.575,7.663
6.64,0.035
22.655,18.105
11.701,3.056
45.048,62.268
396.557,638.597
13.336,12.585
3.645,1.462
72.254,4.327
100.123,9.553
63.13,26.322
5.312,4.404
16.761,23.396
6.809,7.774
0.321,0.0
0.0,0.0
6.692,0.013
17.587,11.41
30.56,9.706
0.034,0.007
259.219,259.068
10.846,6.176
38.964,19.093
2.858,3.225
0.897,0.104
0.676,0.188
11.995,5.206
0.014,0.0
19.578,27.683
22.729,3.407
91.213,192.95
108.069,141.851
0.073,0.0
4.372,1.993
52.342,43.944
11.166,3.862
0.0,0.0
8.053,79.471
4.555,2.071
14.502,11.282
0.743,2.283
3.218,60.476
10.583,8.768
0.129,0.081
0.102,0.011
115.509,126.979
29.852,23.682
3.703,0.009
3.423,1.846
10.007,2.166
2.477,1.204
2.527,14.591
19.244,8.241
1.508,0.385
1.72,0.008
10.667,4.884
44.912,3.426
0.453,0.009
43.652,46.14
44.072,39.881
5.913,26.711
11.923,1.001
9.47,4.334
1.189,0.077
5.762,4.257
3.042,5.909
3.411,1.421
16.956,9.351
6.185,6.47
19.041,19.212
0.0,0.0
10.324,9.664
0.007,0.007
0.033,0.084
15.314,18.314
64.701,0.008
28.728,11.434
25.478,14.441
107.736,103.315
22.474,7.692
0.0,0.0
0.0,0.0
87.398,102.623
5.367,6.178
1.944,0.003
0.405,0.655
8.287,5.676
9.536,11.179
5.634,1.995
11.601,2.773
0.225,0.0
5.926,5.035
2.619,0.007
1.522,0.39
2.072,0.405
11.402,7.048
0.092,0.077
5.815,5.859
27.001,5.84
12.629,7.093
0.0,0.0
0.0,0.0
2.368,2.483
0.176,0.0
7.621,12.194
14.477,14.995
0.249,0.0
14.245,9.299
127.975,42.781
0.049,0.002
10.13,20.421
0.0,0.0
2.872,7.68
0.14,0.002
9.274,7.928
16.379,18.138
0.635,0.016
9.627,0.396
5.053,35.439
2.347,0.204
0.09,0.0
8.972,8.267
15.941,11.466
65.76,39.504
0.017,0.001
34.975,18.526
2.574,0.002
4.004,0.008
1.665,0.0
89.21,95.734
1.36,0.0
8.249,7.263
7.158,7.737
4.2,6.653
5.501,3.786
6.217,5.42
113.15,367.648
3.288,0.58
1.879,0.011
6.306,6.584
17.838,11.64
4.868,6.107
2.077,1.031
0.0,0.0
60.147,40.903
0.758,0.007
1.47,0.0
0.02,0.004
22.133,7.878
83.009,73.864
0.076,0.011
13.807,6.395
0.022,0.0
1.637,0.0
12.22,64.838
1.924,4.244
0.301,0.0
44.329,41.844
22.296,30.221
7.675,7.679
18.254,16.45
1.298,0.482
0.029,0.0
6.712,6.938
37.866,40.503
16.727,49.776
23.219,36.753
6.247,6.639
34.708,30.199
39.946,44.888
20.973,5.983
15.578,12.137
66.983,62.832
35.859,14.26
9.504,6.862
9.266,4.948
0.007,0.0
27.477,21.962
27.166,8.901
13.657,9.35
40.102,84.498
0.0,9.211
11.227,7.441
7.964,0.031
13.079,1.896
0.02,0.0
18.645,1.986
1.012,0.659
6.841,0.0
1.385,2.63
0.781,0.175
1.537,0.015
18.094,12.688
4.518,2.957
10.505,17.105
4.419,3.734
5.437,3.197
12.521,7.815
12.19,3.485
0.069,0.0
21.656,3.682
0.713,0.458
54.257,93.674
83.941,38.097
0.318,0.421
14.107,9.672
36.44,38.174
28.573,11.777
111.029,75.947
31.145,48.373
2.899,25.901
0.067,0.029
28.876,6.219
0.0,0.0
0.381,0.0
6.943,2.311
7.977,5.859
213.722,186.129
29.602,32.117
31.319,61.593
9.441,3.73
20.723,27.643
0.547,0.0
1.508,0.271
4.61,0.038
0.603,0.492
0.654,0.029
3.405,0.0
2.83,2.01
1.629,0.297
0.336,0.0
0.0,0.0
1.267,0.0
11.83,6.086
7.283,8.86
8.292,3.503
25.692,24.908
0.791,0.089
14.151,15.43
0.039,0.013
0.033,0.0
33.041,23.559
7.732,6.301
2.106,0.016
0.285,0.0
64.335,29.059
11.414,3.161
21.546,17.082
1.07,0.0
58.604,24.335
29.25,5.194
38.019,18.018
31.161,12.084
1.15,0.024
8.158,3.36
0.715,2.075
42.265,58.656
0.635,19.426
7.849,12.899
3.871,0.498
11.273,4.601
20.426,7.799
0.006,0.0
1.438,0.0
14.577,6.045
0.03,0.012
14.86,12.624
0.002,0.0
4.279,0.0
20.583,12.115
0.164,0.033
49.746,49.085
25.341,14.187
44.089,52.998
0.238,2.534
15.389,15.312
53.693,30.616
12.208,1.2
11.703,1.307
3.984,2.656
4.614,2.981
0.919,0.508
16.951,14.813
9.025,5.976
8.74,2.289
31.834,37.159
2.989,5.033
17.497,32.976
24.003,14.114
18.27,11.387
38.931,62.923
16.001,33.187
19.823,23.346
7.412,0.084
0.0,0.0
57.325,157.633
5.221,7.094
35.386,13.185
9.268,3.716
0.662,0.007
36.147,18.97
5.88,7.193
0.395,0.077
4.573,4.501
0.034,11.979
34.977,10.256
18.811,14.041
7.518,9.941
5.861,9.672
30.381,40.199
6.654,3.352
1.28,0.0
0.039,0.079
6.29,1.683
9.178,0.005
0.012,0.081
2.606,2.125
6.213,4.161
1.612,3.182
14.381,36.057
14.138,20.649
31.838,18.779
7.683,7.439
14.495,15.974
11.63,11.085
27.144,13.268
5.656,8.227
6.482,1.86
0.025,0.0
1.483,3.365
22.843,9.255
0.026,0.005
22.062,28.697
9.856,3.361
6.864,2.863
8.426,3.178
12.75,0.005
0.011,0.0
19.344,20.954
0.0,0.0
14.53,2.892
18.598,11.911
7.616,27.503
0.752,0.021
21.363,15.068
45.551,17.769
10.352,16.09
10.092,6.399
31.01,15.13
0.014,0.034
42.439,114.281
44.136,60.208
2.639,0.001
9.141,1.708
18.734,38.331
8.996,13.346
7.876,12.851
5.267,2.708
31.697,21.489
3.51,3.317
13.717,14.896
8.623,11.301
11.61,23.31
0.006,0.004
1.308,0.578
29.884,18.015
0.378,0.0
12.586,25.588
25.154,17.764
20.08,5.94
1.23,2.65
1.48,9.055
10.368,14.003
0.464,0.117
16.638,78.385
25.997,26.765
3.38,4.841
41.145,0.119
0.066,0.364
1.896,0.097
5.894,12.756
28.327,19.869
0.183,0.0
0.107,0.138
0.676,1.46
3.165,1.702
4.098,4.791
7.447,1.56
20.156,136.442
1.499,0.666
8.761,5.875
12.319,8.316
9.463,15.079
1.532,0.637
29.873,43.683
6.643,5.649
0.103,0.009
35.554,17.733
33.673,6.836
29.831,70.49
2.47,0.893
5.601,1.589
2.253,0.323
0.961,0.229
1.048,0.287
75.678,86.772
4.664,4.628
3.139,0.101
13.347,3.928
4.177,3.32
5.962,6.56
92.296,174.936
60.9,32.97
10.422,9.979
2.854,10.7
4.483,3.532
157.545,169.426
7.049,1.13
45.656,47.095
29.183,15.827
13.496,7.3
15.962,16.652
10.812,38.866
16.637,20.283
0.466,26.478
25.515,0.235
9.549,8.627
4.224,1.183
6.969,6.256
126.679,19.836
35.132,36.055
8.814,9.27
16.738,0.021
21.048,32.648
17.663,35.239
6.694,2.821
0.26,44.049
74.022,74.309
6.396,47.817
1.831,0.881
0.224,0.0
6.825,4.638
0.043,0.002
11.955,10.623
18.18,14.42
2.33,0.004
9.227,11.99
4.625,15.608
1.069,0.035
15.489,22.844
30.847,22.214
11.983,10.65
27.421,54.422
0.53,114.587
4.036,22.838
10.475,4.811
16.856,22.236
37.773,59.352
4.68,3.629
56.766,60.629
2.597,0.02
28.211,1.282
3.453,0.29
0.0,0.0
0.336,0.024
3.2,1.421
6.368,1.524
31.029,29.449
36.734,38.987
11.399,9.957
13.435,6.894
6.075,12.117
1.159,2.921
3.913,15.958
0.182,0.03
43.619,29.853
77.79,84.757
77.673,94.963
14.377,18.719
10.711,1.476
4.182,2.896
2.63,22.64
14.287,16.679
0.048,0.0
12.987,5.322
0.064,0.017
6.751,10.926
26.013,31.247
17.294,16.518
3.79,92.998
0.0,0.0
19.94,8.604
307.778,1211.09
24.015,22.424
17.49,15.532
5.133,3.127
0.028,0.017
8.139,6.243
18.795,15.908
71.433,108.377
2.67,3.878
102.58,0.123
12.051,6.172
8.456,0.564
0.403,0.0
142.981,144.345
9.648,13.547
0.0,0.0
13.014,17.64
2.456,0.18
14.277,17.045
10.483,2.199
0.082,0.0
53.042,66.957
4.18,4.463
6.744,4.046
11.316,13.526
14.637,14.296
102.19,44.028
12.84,5.271
1.06,1.468
13.58,37.798
8.587,9.892
0.19,3.168
0.013,0.0
0.014,0.003
4.616,5.058
1.553,0.013
0.0,1.246
0.071,0.043
0.268,0.397
0.015,0.001
0.795,0.438
11.165,64.397
18.858,3.645
22.923,27.105
7.638,16.631
17.349,3.954
6.466,13.121
0.0,0.0
68.989,98.612
16.035,22.207
4.372,1.769
21.887,31.832
0.013,0.0
10.472,0.204
44.95,3.543
6.93,5.128
20.279,22.449
94.38,227.742
11.737,13.914
16.724,11.708
21.231,40.194
36.201,66.832
9.21,8.719
27.382,11.228
22.75,7.873
7.959,3.585
55.468,2.369
12.729,17.361
6.272,11.304
0.627,0.837
3.642,0.147
0.451,0.01
57.255,36.622
58.133,65.352
33.737,1132.78
1.351,0.0
16.978,4.806
14.95,8.22
18.357,0.706
9.627,0.013
11.351,2.902
22.98,21.89
20.989,13.581
8.555,6.847
1.207,0.042
20.694,18.48
20.295,11.094
4.816,3.461
4.669,6.581
8.022,7.747
5.525,5.167
27.222,6.919
25.291,26.618
4.708,0.036
30.333,60.324
24.084,5.19
52.382,37.25
0.086,0.0
0.612,0.733
2.178,0.032
2.282,0.016
33.946,48.555
36.074,19.869
8.13,6.391
22.226,34.881
3.042,0.661
0.897,0.081
33.193,43.596
6.487,3.643
15.487,2.425
6.168,0.012
122.777,270.829
5.334,7.054
1.718,3.013
0.008,0.003
1.407,0.999
10.099,1.384
37.538,11.804
12.546,7.429
0.311,0.0
0.201,0.093
7.776,4.277
0.282,0.0
7.647,11.27
22.3,17.999
3.322,3.856
46.29,42.283
21.987,36.749
5.776,5.233
0.0,0.0
33.476,60.494
0.254,0.087
24.96,26.191
10.649,7.172
12.117,8.077
54.489,81.603
69.388,117.63
2.158,0.617
0.218,0.0
18.227,10.143
54.901,31.817
7.214,9.803
1.558,1.616
14.398,7.67
37.157,75.691
65.796,68.924
12.429,8.105
47.673,59.361
76.302,88.273
9.781,4.186
12.197,31.545
53.018,48.276
5.698,2.684
9.939,9.743
0.413,0.024
68.861,34.587
5.104,0.012
7.767,6.487
18.809,17.557
24.329,39.559
13.025,7.668
9.576,11.932
159.388,98.871
0.496,0.151
6.429,75.235
4.158,5.568
4.222,2.945
2.042,0.539
36.642,16.946
3.561,2.01
3.039,1.711
35.774,33.331
46.368,46.328
34.969,87.668
1.046,0.0
18.99,8.386
27.506,23.94
0.817,2.485
0.032,0.0
6.615,10.703
20.56,7.661
32.854,49.283
0.0,0.017
0.0,0.057
22.061,33.633
5.85,3.975
6.337,4.087
0.14,0.0
13.745,6.113
0.138,0.0
20.669,9.754
45.852,27.78
43.68,24.679
5.774,6.207
12.415,0.525
18.243,0.551
0.388,0.502
0.142,0.0
35.549,31.415
14.017,6.94
5.1,2.746
9.155,10.013
11.532,12.706
0.595,0.077
0.832,0.0
14.667,13.244
0.229,0.003
6.954,0.089
25.429,26.734
20.638,51.955
37.395,55.954
7.3,7.596
0.045,0.0
7.904,6.411
1.555,2.373
6.527,5.176
24.98,18.788
14.281,6.706
12.859,8.695
8.377,7.811
16.971,10.383
41.088,4.112
9.614,7.806
0.072,0.013
0.288,0.024
14.051,7.49
1.213,0.058
1.736,1.432
8.387,1.325
0.024,0.387
13.921,6.779
0.165,0.664
2.411,0.877
1.658,0.018
2.826,3.058
7.179,8.95
7.043,8.868
18.695,5.84
0.849,1.512
0.056,0.002
2.231,0.006
7.818,11.83
0.566,0.76
44.323,63.62
10.974,0.818
34.895,20.206
20.322,21.009
28.365,53.546
3.829,0.0
10.492,7.486
2.148,0.053
18.273,14.915
1.108,0.0
10.145,3.228
7.279,2.866
0.145,0.0
13.361,9.651
5.725,7.697
3.486,3.427
0.898,0.275
3.585,1.754
9.739,9.308
9.558,22.029
0.018,0.0
183.984,41.899
24.853,40.786
5.708,6.921
13.805,34.411
86.571,19.242
1.305,0.007
33.858,31.474
16.071,7.071
48.428,73.253
19.532,14.961
107.242,316.257
28.532,39.523
85.155,157.254
0.13,0.066
0.788,20.01
14.21,32.006
36.297,53.467
30.255,38.528
32.64,46.291
0.879,0.034
35.101,38.986
305.12,381.049
6.632,5.463
1.287,316.731
7.584,11.836
0.932,0.0
18.602,5.915
2.86,2.984
6.185,5.999
14.302,9.806
0.0,0.0
23.072,18.881
0.017,0.0
72.694,88.632
46.535,22.265
4.498,475.176
11.446,9.794
5.335,1.791
13.072,10.551
0.045,0.015
9.477,2.426
1.575,0.052
163.772,139.615
28.179,30.762
0.169,0.363
0.574,148.853
7.111,12.143
0.155,0.056
0.442,0.003
5.826,0.079
8.396,18.136
14.524,4.394
23.385,6.816
8.382,4.251
7.233,3.264
92.93,16.396
11.381,8.899
1.701,0.039
17.437,8.517
7.811,16.129
32.737,25.337
11.416,5.761
2.98,0.014
35.968,9.565
28.24,5.03
46.923,32.958
27.647,23.95
12.225,8.765
2.801,1.404
2.508,0.003
19.83,12.107
47.487,28.291
32.455,38.935
9.908,13.813
15.138,10.106
27.744,12.601
0.111,0.135
3.526,0.001
234.163,403.606
0.869,0.0
9.065,5.86
0.0,0.004
24.601,23.011
14.105,7.371
0.035,0.022
6.596,11.744
1.205,0.108
232.843,0.031
0.237,0.0
0.49,0.013
6.98,7.069
12.449,5.869
0.214,0.036
6.564,4.007
11.655,16.133
16.895,13.0
0.069,0.012
10.604,11.258
0.0,0.0
9.95,13.989
7.429,17.571
5.981,5.107
2.934,17.015
18.549,0.0
4.072,4.242
1.918,0.652
15.911,0.152
0.192,0.027
3.415,0.0
0.616,0.001
29.07,6.669
3.634,4.274
4.015,4.983
0.697,0.006
93.357,22.241
1.449,0.914
0.136,0.0
0.0,0.0
9.485,4.54
0.123,0.011
13.988,6.307
0.06,0.014
0.0,0.0
3.573,6.659
8.765,7.728
15.461,9.707
2.673,0.477
28.145,45.621
32.642,0.07
0.239,0.064
26.988,22.272
8.301,9.309
0.328,0.0
75.639,32.076
0.009,0.003
0.379,0.035
14.867,20.515
27.977,19.945
1.862,1.823
3.494,2.863
3.955,5.307
31.924,191.474
10.874,6.874
146.097,552.594
14.624,12.67
1.168,0.557
0.152,0.0
230.477,305.739
20.524,7.684
0.111,0.0
0.0,0.0
8.06,12.48
2.825,1.886
107.07,0.787
4.608,5.164
155.562,131.803
0.906,0.545
11.073,8.022
10.29,8.983
12.838,11.437
5.463,47.175
17.117,14.123
4.154,3.486
21.702,51.316
0.198,0.002
3.686,3.523
8.931,5.665
5.348,3.645
47.149,237.6
0.143,0.0
16.749,41.16
0.054,0.011
6.1,6.356
39.452,32.536
12.769,8.391
4.881,0.479
19.718,10.62
0.034,0.19
10.054,0.011
9.395,3.568
15.828,29.491
0.0,0.054
11.827,13.843
24.855,17.831
7.023,0.744
11.651,8.053
6.071,4.806
16.951,5.439
0.016,0.0
22.661,14.091
37.109,33.22
75.68,75.185
7.88,9.178
33.547,46.529
10.799,10.823
54.426,41.094
202.431,88.401
31.033,35.029
24.038,22.408
38.645,26.224
5.334,2.116
7.832,18.541
11.628,23.309
26.943,8.219
17.948,22.692
3.658,0.951
26.536,16.535
40.304,54.472
14.294,10.286
13.434,16.741
0.017,0.0
28.813,20.411
19.252,32.867
1.906,0.014
3.856,4.33
8.948,0.618
7.446,4.818
17.201,27.216
1.238,0.0
16.07,26.637
16.432,30.467
3.624,0.018
15.248,12.277
10.26,8.994
13.294,3.801
4.322,7.547
0.0,0.0
0.014,0.0
20.938,13.839
3.426,6.914
8.566,21.86
1.216,0.5
11.689,11.516
11.084,6.782
3.766,5.801
48.53,75.474
2.162,1.529
30.172,16.017
10.541,9.294
3.795,58.204
8.702,22.886
2.786,1.739
5.449,3.293
1.835,0.552
6.518,2.587
33.075,64.149
1.006,2.421
1.194,0.629
0.442,0.386
30.065,9.146
25.666,6.816
8.276,2.79
1.83,0.022
0.915,0.014
16.867,49.827
2.748,2.945
3.72,5.73
8.118,10.882
15.084,7.197
1.614,3.007
19.361,16.928
1.185,1.824
8.199,0.707
42.379,50.512
3.429,1.152
6.395,21.994
21.133,11.703
16.547,16.105
12.03,20.617
12.562,2.837
9.051,6.137
5.066,6.757
6.879,0.004
2.872,0.562
11.126,3.545
30.18,10.969
9.026,6.586
9.201,8.858
9.096,4.431
12.679,9.148
0.156,0.0
0.501,1.179
3.68,2.122
0.122,0.0
1.566,0.414
4.613,4.901
12.669,13.08
9.041,2.85
4.327,2.933
1.647,0.578
17.989,6.299
17.059,6.947
5.21,2.352
19.819,6.452
0.0,0.0
16.705,22.863
4.525,7.164
29.964,22.544
13.132,18.611
7.264,12.724
2.297,0.124
0.2,0.296
30.675,36.302
2.392,0.0
0.295,0.712
0.059,0.004
32.056,21.096
2.355,0.0
25.997,2.047
3.656,0.021
12.228,0.555
1.664,1.31
2.718,0.915
0.0,0.0
41.923,21.939
22.34,13.414
8.367,2.415
1.844,0.017
11.881,9.698
13.905,5.576
0.046,0.021
5.246,15.953
0.0,0.0
0.569,0.007
34.239,0.0
0.682,4.016
0.0,0.0
0.0,0.0
0.014,0.0
23.831,11.658
19.57,21.991
20.222,28.311
1.516,0.008
44.493,61.466
0.868,4.625
0.234,0.01
0.281,0.0
0.038,0.0
25.875,13.213
9.112,13.329
5.906,4.429
1.296,0.11
1.358,0.36
1.73,0.437
0.439,0.077
0.061,0.01
0.073,0.0
5.766,4.052
0.054,0.08
0.678,0.747
4.702,1.849
0.0,0.0
24.898,47.678
87.484,62.118
0.0,0.0
10.605,18.926
0.007,0.888
6.867,0.983
0.04,0.641
0.07,0.004
0.0,0.0
34.046,59.953
2.309,2.056
10.686,13.302
11.195,6.96
15.605,8.304
5.058,7.53
0.242,0.066
0.038,0.0
0.029,0.007
1.038,11.444
3.308,3.212
0.07,0.0
9.7,2.664
12.268,15.921
1.979,1.754
0.141,0.011
4.485,4.495
0.446,0.104
0.958,0.05
9.285,18.027
21.047,8.76
23.867,16.687
8.923,4.746
19.04,19.409
5.606,0.17
54.666,44.245
4.777,4.472
12.257,14.389
15.921,12.118
51.973,60.933
43.169,94.778
12.7,12.4
8.715,16.922
41.596,16.154
0.03,0.187
23.071,13.327
126.239,11.542
46.905,24.081
6.445,4.654
2.988,0.924
10.774,5.325
9.863,10.148
41.051,15.848
18.666,14.757
1.358,11.262
4.809,1.475
11.228,1.873
9.349,3.221
8.335,12.392
6.263,5.688
31.183,42.153
80.48,5.58
29.929,104.088
22.731,13.669
8.012,8.28
0.034,0.0
0.0,0.0
7.581,8.728
4.373,7.02
4.085,2.099
5.259,3.988
1.641,0.0
8.807,11.57
57.77,33.732
2.943,0.093
0.046,0.022
11.944,6.318
40.284,31.544
3.207,0.933
10.57,9.809
5.032,11.164
0.055,0.0
24.365,20.465
14.633,6.493
22.185,26.41
23.198,71.217
12.513,8.55
12.493,0.005
11.218,11.06
0.119,0.03
35.313,33.056
0.314,0.041
11.539,5.537
23.242,22.236
1.141,6.373
8.014,6.892
13.177,2.452
2.298,0.0
0.068,0.22
5.104,5.321
9.519,1.608
4.99,3.962
1.195,3.804
1.469,2.372
0.0,0.0
4.181,0.005
0.516,0.031
0.0,0.081
2.682,4.376
0.111,0.0
2.007,0.0
0.0,0.0
0.095,0.0
0.0,0.0
0.538,0.0
16.561,20.302
2.613,1.693
6.564,1.153
12.188,3.121
4.222,4.736
3.386,0.598
0.115,0.004
13.226,9.347
9.452,6.093
4.162,6.009
1.546,155.234
23.877,0.003
0.343,0.107
4.511,5.294
55.556,50.862
0.094,0.0
7.818,5.592
0.0,0.0
23.924,14.677
6.822,2.787
7.428,3.608
9.11,8.594
3.088,2.855
29.398,32.879
22.535,11.06
12.13,5.133
0.0,1.218
0.964,1.538
8.864,3.549
5.975,0.851
0.091,0.011
29.94,52.385
7.258,0.114
92.957,35.122
9.342,7.73
0.765,0.006
2.004,0.0
14.425,10.015
11.772,3.905
0.0,0.0
3.244,1.68
12.883,4.285
0.018,0.0
5.835,3.832
22.837,19.693
0.965,0.378
5.706,5.558
0.74,0.0
21.928,85.696
1.223,1.168
0.265,0.005
0.199,0.004
16.352,8.385
0.01,0.0
13.143,9.485
12.282,24.379
1.842,2.041
34.599,0.02
1.872,1.577
2.419,1.844
6.182,3.209
0.022,0.005
0.021,0.004
18.964,13.458
40.374,33.512
5.394,1.282
27.342,5.824
0.01,0.0
19.136,19.369
5.281,4.1
0.385,0.0
3.369,0.005
15.246,18.889
2.364,0.0
0.021,0.029
0.13,0.0
1.305,0.0
0.0,0.0
0.313,0.018
0.15,0.001
38.645,57.503
59.639,75.792
0.0,0.0
0.184,0.0
0.029,17.633
20.794,10.955
20.486,15.998
0.0,0.0
3.822,4.931
25.47,22.454
0.24,0.006
0.121,0.0
15.609,6.472
30.011,22.333
7.275,8.935
30.032,12.042
2.775,1.471
1.402,0.021
8.775,2.241
0.958,0.227
7.584,3.516
10.963,5.83
4.13,2.122
6.303,4.687
9.969,15.871
8.975,18.573
3.359,2.619
6.716,5.289
26.972,2.542
0.052,0.0
36.169,16.915
3.151,0.725
0.01,0.0
10.945,8.624
16.196,19.031
82.067,29.002
169.969,67.013
1.166,0.179
0.183,0.0
0.692,0.0
15.915,17.431
3.168,2.885
2.688,23.202
37.155,62.966
17.054,4.89
11.089,7.838
9.203,6.568
8.459,2.986
5.803,0.0
21.145,15.93
4.402,0.735
14.535,12.03
4.547,1.573
4.574,8.621
64.42,87.364
3.17,2.788
0.362,0.0
0.0,0.0
0.159,0.17
29.178,47.635
0.286,0.036
0.112,0.014
9.619,7.674
5.783,0.007
4.393,1.788
17.152,3.63
9.924,14.668
31.669,53.076
0.751,0.012
1.739,3.45
0.432,0.0
0.045,0.0
20.41,210.571
33.12,1.868
5.803,20.239
3.454,4.596
13.633,14.237
0.546,0.106
17.474,20.554
75.627,32.659
9.259,5.423
48.572,47.541
25.478,13.324
11.07,9.649
11.459,6.753
6.015,1.522
9.757,0.982
0.818,0.004
27.368,24.759
11.256,13.992
20.528,3.056
32.217,32.196
10.059,4.524
6.634,6.957
1.036,0.542
5.987,3.959
6.156,3.803
1.459,0.009
12.65,14.361
8.726,18.647
106.79,35.429
79.939,78.375
73.788,7.8
163.315,159.152
37.061,11.566
4.86,4.418
56.644,144.046
0.0,0.0
0.037,0.0
7.273,4.555
34.85,30.866
4.974,5.527
18.38,1.39
8.577,6.689
14.937,3.32
10.854,20.149
0.427,0.001
17.305,10.568
12.624,11.338
0.0,0.0
1.264,0.017
6.609,0.005
1.078,0.395
51.206,65.032
11.978,11.827
10.027,49.11
18.986,0.122
0.729,0.018
4.966,9.468
68.312,25.326
17.194,6.832
2.305,0.215
11.677,35.165
21.319,0.374
0.6,0.01
3.436,0.954
7.988,9.816
744.411,1579.48
10.717,3.628
7.317,13.459
4.137,0.159
0.124,0.0
16.558,9.39
10.525,10.456
28.898,26.503
0.179,2.572
0.056,0.008
51.682,61.705
15.35,8.019
3.254,1.886
14.251,0.013
12.076,0.0
87.047,101.27
0.12,0.0
0.974,0.733
0.318,0.588
15.37,6.021
1.517,0.02
0.594,0.002
0.0,0.0
14.282,23.542
4.524,9.309
5.934,2.041
4.847,1.2
1.254,0.046
0.282,0.114
2.17,1.912
3.616,8.295
13.755,6.366
1.1,0.038
22.124,18.979
0.194,0.114
15.625,7.391
15.073,8.543
16.03,18.618
3.888,3.74
13.055,12.874
3.15,4.721
3.584,0.0
11.471,0.0
21.063,69.673
0.141,0.02
7.933,13.187
9.496,9.968
174.626,208.594
0.051,0.109
36.731,53.624
89.738,86.848
17.716,20.544
5.602,0.479
0.0,0.0
21.298,7.962
0.422,0.004
15.349,31.877
15.597,7.742
0.0,0.0
0.001,0.0
4.647,0.0
34.702,29.995
1.491,126.338
16.954,15.399
7.714,4.198
51.616,171.315
0.151,0.59
7.73,11.717
9.604,0.061
0.455,0.351
0.385,0.026
0.279,1.711
61.941,143.684
31.39,14.059
137.659,37.224
0.0,0.0
0.317,0.069
21.911,18.966
14.057,9.879
14.587,1.585
51.536,29.953
10.133,4.167
41.845,20.822
9.451,0.486
63.86,46.225
0.535,0.0
0.0,0.0
17.515,11.44
9.468,5.304
0.0,0.0
0.032,0.0
98.821,58.205
113.829,101.198
9.442,11.153
5.184,0.007
77.24,36.184
0.314,0.225
8.617,0.026
7.807,14.836
46.859,22.574
1.602,1.486
8.452,46.069
64.004,42.285
0.0,0.0
20.395,17.454
0.0,0.0
0.078,0.009
0.0,0.0
4.127,10.348
13.07,0.635
0.0,0.058
4.358,0.0
0.269,0.0
2.508,0.364
8.017,0.0
11.326,12.915
7.876,4.471
35.405,37.578
1.262,0.096
4.039,0.91
29.938,14.681
1.889,0.481
0.044,0.071
11.104,19.401
5.221,7.27
8.804,2.013
2.373,0.669
27.064,10.281
14.873,4.885
0.036,0.042
0.929,0.022
69.827,104.227
0.51,1.022
0.815,0.005
3.732,5.859
0.0,0.0
0.181,1.38
4.498,4.645
12.815,28.669
0.01,0.005
0.0,0.0
4.092,0.024
26.257,20.143
0.0,0.0
0.037,0.006
0.625,0.0
4.645,3.787
1.985,0.025
7.555,1.631
6.901,4.92
1.976,17.828
16.476,10.477
20.033,31.15
49.486,79.207
0.021,0.0
121.535,100.435
0.0,0.0
0.132,0.0
27.035,24.555
31.0,22.994
5.801,8.495
2.22,1.343
0.0,0.0
17.768,8.76
14.609,8.115
37.296,44.625
5.725,2.088
1.514,0.282
10.796,9.206
0.11,0.738
2.983,1.452
5.23,2.872
17.166,4.864
11.606,15.463
2.099,0.0
12.47,11.172
6.534,0.0
0.013,0.0
16.374,35.372
10.631,4.494
0.0,0.0
61.09,33.069
1.066,0.178
0.539,0.001
0.117,0.866
71.948,73.531
0.431,0.061
0.103,0.004
35.368,321.49
78.58,8.818
135.127,99.769
1.0,0.065
0.102,0.007
6.878,1.72
42.008,27.865
12.741,6.518
40.487,0.008
8.913,8.96
7.257,3.997
4.759,1.71
38.26,26.648
90.425,30.741
28.39,16.335
0.0,0.0
3.028,0.511
0.0,0.001
0.0,0.0
13.896,22.038
6.525,3.977
0.128,0.027
2.358,11.044
1.067,0.0
6.281,0.088
0.0,0.0
0.0,0.0
37.787,127.557
13.777,16.349
1.658,0.09
0.061,0.0
3.388,13.148
65.348,37.991
1.246,1.384
18.783,27.454
17.196,1.908
505.469,1742.0
21.721,14.922
72.184,95.093
12.728,13.846
0.085,0.0
0.0,0.0
1.279,0.18
6.092,2.15
13.774,14.726
0.0,0.002
9.457,3.471
6.576,32.68
4.682,0.0
81.502,82.528
9.332,9.048
0.241,0.003
4.68,2.138
20.017,4.732
16.772,14.106
23.042,5.811
5.408,0.284
105.067,70.3
0.0,0.0
3.871,3.461
15.688,4.894
2.889,4.341
11.329,3.438
0.862,1.154
29.071,35.104
0.193,0.006
0.038,0.0
3.68,1.349
4.052,0.913
24.013,15.906
6.617,7.427
24.285,33.303
9.814,7.31
23.847,16.385
31.927,28.047
9.603,9.463
0.177,0.002
10.924,6.293
12.21,5.984
5.357,7.271
0.0,0.0
0.0,0.0
22.566,14.507
40.977,27.442
0.043,0.23
1.593,0.25
63.611,19.937
0.032,0.0
1.171,0.479
0.673,0.0
369.437,28.715
0.733,79.688
0.471,0.048
0.352,0.092
5.889,4.383
1.022,0.17
20.804,7.607
11.75,13.891
8.965,6.431
7.168,6.594
38.391,3.277
1.346,0.132
35.375,49.883
26.044,10.733
59.635,74.603
14.879,21.056
0.059,0.011
19.773,8.464
15.613,16.098
17.861,13.447
7.125,2.242
7.987,19.855
126.767,40.849
3.71,21.612
23.564,29.188
24.3,51.165
0.721,0.005
5.018,1.315
4.374,8.463
191.61,356.135
7.791,6.551
11.758,18.244
44.489,90.698
36.254,43.09
8.613,4.497
1.38,15.829
7.418,6.035
0.016,0.011
0.426,0.025
0.0,0.0
3.895,1.108
0.055,0.0
0.083,0.0
6.241,5.637
0.006,0.0
5.038,1.84
0.0,0.0
0.447,0.0
54.496,35.856
41.755,38.331
1.328,0.0
13.21,35.858
0.0,0.0
43.018,32.076
19.358,13.707
0.0,0.0
18.314,16.948
233.52,167.13
42.777,16.842
9.118,11.505
53.281,45.023
6.858,4.737
4.317,4.976
1.631,68.534
3.136,6.903
1.088,0.0
0.014,0.0
18.942,23.775
1.255,1.382
136.69,127.457
1.069,0.025
44.651,21.915
25.47,21.939
0.234,0.371
17.135,20.315
34.715,23.572
0.747,0.0
0.01,0.0
21.715,7.442
0.032,0.005
4.395,0.447
9.386,12.375
0.0,0.0
0.002,0.0
0.0,0.0
0.606,0.12
49.753,64.17
3.394,0.263
36.606,23.541
5.125,6.176
13.27,19.041
20.684,23.538
4.076,5.095
5.811,1.31
2.409,0.122
18.604,3.045
180.01,144.136
79.219,62.084
36.663,34.66
0.0,0.0
68.667,64.067
46.801,54.106
120.537,106.959
0.11,0.002
0.207,0.0
15.536,4.222
19.792,4.036
0.872,0.179
22.8,23.609
4.899,0.028
23.356,33.909
87.032,78.174
4.496,4.654
34.501,78.206
4.399,3.775
3.837,4.683
16.975,21.793
18.957,35.097
7.509,7.326
12.536,9.057
1.132,0.004
7.124,0.0
17.027,13.11
0.706,0.0
0.0,0.0
9.491,6.392
5.251,1.601
280.517,614.607
14.463,17.388
0.0,0.0
45.477,50.022
0.799,0.027
78.697,59.344
0.045,0.0
0.382,0.417
0.0,0.0
229.913,266.8
0.0,0.0
9.318,5.478
0.307,0.225
21.311,8.898
12.295,29.893
184.024,522.457
22.45,13.026
34.076,38.492
47.364,104.431
48.064,112.152
0.626,5.423
39.555,14.148
15.984,0.835
0.365,0.0
1.013,0.02
8.533,25.418
49.269,56.815
0.0,0.0
0.022,0.0
0.01,0.0
0.206,0.0
41.741,0.722
13.356,0.047
23.183,33.719
0.444,0.004
124.524,85.194
9.068,3.404
14.729,3.887
80.39,35.886
10.056,4.979
59.247,2.797
0.073,0.013
23.799,14.624
2.211,0.0
68.557,37.967
0.199,0.022
23.87,16.756
29.052,17.434
12.318,5.003
6.189,2.529
15.839,11.182
2.853,0.204
4.292,4.424
26.485,15.086
5.508,4.315
5.553,4.306
12.385,7.718
5.837,3.94
12.667,11.836
3.986,19.849
0.028,0.002
5.275,0.0
22.694,8.93
9.047,0.355
0.068,0.0
8.1,3.785
15.118,3.276
6.208,0.295
26.929,2.689
0.693,0.0
0.048,0.007
20.073,25.85
46.277,33.759
38.492,36.643
6.929,9.155
0.477,0.156
0.0,0.0
6.722,6.216
4.376,4.145
185.24,127.221
15.592,22.512
0.007,0.0
4.72,12.293
2.436,2.075
0.149,0.0
2.238,0.075
1.808,1.423
11.782,19.446
0.992,1.132
9.956,2.245
152.955,87.906
11.155,11.507
14.282,3.93
2.891,0.0
0.053,0.014
1.343,1.729
1.587,0.782
21.941,19.069
0.0,0.0
3.877,0.0
0.195,0.023
2.335,1.87
1.224,0.119
6.266,5.767
26.737,11.424
0.318,0.024
0.776,0.114
1.621,0.377
0.061,0.0
16.256,0.607
0.023,0.0
5.982,2.508
26.362,34.954
8.006,5.232
7.099,8.081
26.292,23.047
17.616,13.762
15.842,16.113
0.165,0.04
18.666,7.856
57.694,31.941
3.002,4.893
18.927,15.112
0.0,0.008
20.564,35.418
19.669,8.589
5.148,0.127
0.0,0.0
0.02,0.096
1.089,0.016
84.538,100.373
13.763,6.287
9.274,0.313
32.947,17.45
3.003,0.011
12.602,4.225
11.445,0.59
17.188,5.048
0.284,0.0
8.671,9.052
61.476,39.206
19.128,9.361
13.316,2.223
2.604,3.802
1.354,1.137
0.362,0.024
38.467,37.576
0.0,0.0
12.239,10.212
11.701,153.043
6.493,0.006
30.258,51.647
14.623,5.118
17.193,0.106
10.57,15.35
74.073,63.031
0.663,0.0
8.828,2.429
44.898,1.075
11.313,3.466
0.158,0.0
14.15,6.535
22.716,17.379
25.665,12.611
0.035,0.041
16.746,32.578
1.501,0.014
5.864,14.273
6.017,4.309
3.464,2.013
15.223,21.915
5.365,1.771
9.904,2.206
2.94,1.125
4.329,0.249
53.54,10.614
9.266,5.099
0.59,0.038
2.141,2.627
136.098,118.879
0.37,0.115
16.155,8.274
11.016,7.346
3.929,1.868
37.888,34.609
13.517,12.02
1.474,4.383
0.247,0.012
35.081,37.505
1.289,0.002
54.346,122.338
0.014,0.0
0.016,0.011
0.045,0.133
3.829,0.673
2.116,0.0
2.621,0.188
162.93,473.352
3.581,2.478
0.0,0.0
55.504,11.469
1.577,0.479
0.167,0.062
12.571,16.71
8.3,4.372
10.048,8.994
0.194,0.0
17.115,19.136
0.0,0.0
0.238,0.0
12.411,5.731
31.339,112.643
6.606,7.415
0.541,0.05
0.785,1.152
3.769,5.881
1.743,0.712
40.23,5521.47
17.537,28.803
5.143,8.378
9.582,64.584
2.374,4.346
11.342,5.531
0.0,0.0
139.658,191.762
11.81,4.823
0.507,0.133
16.273,7.706
10.937,0.084
75.024,0.078
0.522,0.0
6.71,5.567
7.421,8.594
11.269,5.472
15.591,4.647
20.37,0.043
0.5,0.155
142.52,109.412
3.667,0.607
15.86,6.508
2.995,1.536
3.321,0.07
10.852,8.399
10.023,1.84
0.099,0.0
0.0,0.0
12.072,71.737
1.713,0.007
0.783,0.0
29.824,26.444
0.522,0.037
4.232,1.929
1.678,0.076
4.667,2.657
17.464,9.124
14.431,12.975
1.802,0.0
1.107,0.0
0.793,0.0
2.234,0.0
8.007,6.041
39.546,39.488
42.996,22.803
23.493,30.52
0.111,0.0
2.493,3.6
0.026,0.011
9.439,32.819
4.082,0.58
1.869,0.022
1.546,1.568
2.147,3.167
1.392,0.948
2.635,1.649
5.726,2.609
6.341,2.116
0.132,0.003
18.17,0.043
9.547,5.476
11.552,17.24
15.703,16.212
45.483,23.585
4.789,20.421
32.552,37.413
79.649,53.779
5.437,3.527
4.598,0.874
0.427,0.049
4.099,2.683
55.972,7.975
0.085,0.013
31.727,26.155
17.136,12.807
50.942,55.086
60.186,62.824
48.385,44.403
7.308,48.226
37.195,20.176
0.0,0.293
0.179,0.0
6.595,7.051
0.072,0.001
0.172,0.084
0.0,0.0
7.4,2.639
27.633,49.882
0.123,46.331
20.136,20.193
11.324,6.468
0.052,0.04
0.455,0.234
8.785,22.346
0.058,0.0
58.249,32.771
21.14,108.414
5.592,0.004
25.112,24.108
25.963,57.708
19.334,29.198
0.331,24.744
0.032,0.0
7.733,8.829
4.277,3.129
0.398,0.208
14.816,11.517
5.611,4.063
17.359,9.831
83.76,56.05
35.086,60.602
11.102,86.929
11.605,6.483
5.411,4.185
0.709,0.496
0.483,0.0
0.404,116.7
0.244,75.085
8.712,8.655
0.159,0.018
0.058,0.021
15.275,4.435
15.05,18.885
13.043,53.562
10.893,10.244
14.956,8.665
7.008,8.454
20.961,0.073
32.278,24.277
19.002,11.476
11.045,2.297
10.763,4.926
0.702,0.349
2.337,0.01
31.761,36.282
154.11,193.07
4.044,5.1
0.617,0.103
1.316,0.0
28.23,58.345
25.899,23.669
1.432,0.822
0.599,0.0
20.951,22.295
14.657,15.38
0.245,0.07
5.007,0.091
6.68,5.772
2.156,0.004
17.004,9.891
5.641,4.648
0.011,0.0
0.326,0.294
19.925,0.045
9.884,2.248
0.117,0.0
0.078,0.0
0.0,0.0
0.462,0.008
23.268,13.173
35.135,27.785
10.217,11.932
13.219,6.421
7.387,0.103
5.201,0.01
185.225,0.0
21.259,28.979
0.351,0.004
0.683,0.033
5.335,0.114
11.691,0.074
28.348,4.249
10.117,17.806
5.135,6.58
27.644,5.034
0.162,0.0
0.703,0.023
0.348,0.0
0.647,0.021
1.399,0.059
4.613,0.192
3.039,0.056
1.279,0.13
71.343,105.677
17.278,24.435
18.687,19.812
6.458,6.171
9.344,7.561
30.209,20.84
28.422,147.515
43.796,83.328
0.0,0.0
4.812,0.0
222.39,65.728
3.574,0.023
30.495,21.097
4.757,0.0
23.153,8.18
5.619,0.304
40.479,23.167
150.784,11.704
81.856,110.811
125.433,6.514
1.323,0.061
2.054,0.0
0.235,0.0
27.848,32.844
0.137,0.047
11.866,7.936
21.507,6.723
2.866,1.314
9.891,0.289
0.097,0.002
2.676,0.001
23.75,9.563
0.105,0.0
81.297,1.444
7.575,15.186
19.077,14.232
0.138,0.003
68.473,135.817
15.343,16.963
72.347,49.131
125.681,238.22
6.308,8.751
22.357,42.368
4.27,4.665
6.122,5.155
4.922,3.932
2.78,3.197
0.057,0.0
0.032,0.0
34.655,19.39
36.872,106.16
0.0,0.0
10.479,12.002
141.518,254.206
0.423,0.044
14.445,17.509
2.408,0.011
64.863,142.926
1.072,0.0
8.674,7.632
13.785,0.23
1.823,0.052
26.672,7.02
0.496,0.005
14.32,26.455
17.708,50.286
55.06,8.62
165.814,19.227
11.763,1.906
1.861,0.016
158.722,156.535
99.686,16.215
2.743,0.003
8.468,10.671
0.0,0.0
1.141,0.11
2.069,1.4
3.507,7.36
3.956,0.045
7.937,5.54
34.84,29.079
0.007,0.001
2.909,0.114
5.439,2.202
11.647,0.675
12.522,0.008
0.658,0.003
7.268,21.34
0.058,0.0
23.855,0.892
25.782,37.358
12.973,36.708
0.423,0.0
0.309,0.133
0.943,0.109
513.171,0.01
32.118,18.556
2.642,0.084
11.054,8.634
18.37,11.694
15.503,2.457
0.38,0.0
0.952,0.039
28.907,2.84
14.342,8.745
82.88,91.706
76.864,43.52
0.417,0.006
19.294,19.189
9.0,3.988
18.419,17.247
3.621,0.426
43.233,13.359
71.97,122.612
72.244,59.949
233.787,223.611
102.919,49.93
35.682,44.023
17.825,11.283
133.604,60.991
23.867,17.743
15.766,7.363
7.234,0.272
17.437,0.124
8.267,1.96
3.581,3.944
32.365,32.267
16.422,23.987
3.959,9.442
57.403,55.606
8.11,10.068
3.311,0.731
6.69,7.377
0.24,0.051
7.387,11.364
12.266,14.242
20.984,18.989
141.267,133.098
1.137,0.251
13.698,12.69
58.465,33.624
5.167,5.142
59.426,48.13
1.632,0.066
36.034,37.156
14.139,15.074
43.18,0.636
14.365,3.194
4.314,1.273
3.87,3.129
0.701,0.004
12.773,1.739
2.948,3.135
45.745,39.51
15.575,8.566
1.125,2.156
0.011,0.002
0.276,0.021
0.008,0.0
6.026,3.376
0.016,0.0
14.016,8.503
2.927,5.626
99.409,207.54
1.675,0.0
0.723,0.342
5.903,0.0
17.725,3.229
4.269,18.155
16.472,13.454
0.712,0.327
1.916,10.896
10.356,7.117
4.293,9.845
0.011,0.0
22.105,21.567
0.048,0.015
0.055,0.0
47.0,3.826
0.278,0.0
0.0,0.0
2.215,2.082
16.16,4.614
0.0,0.0
17.166,52.928
1.729,7.749
5.021,7.839
16.202,1.648
0.023,0.006
0.368,0.045
0.0,0.0
30.846,59.07
5.151,3.087
19.343,10.521
0.0,0.0
1.99,0.9
0.131,0.0
469.62,534.598
25.208,42.289
30.11,2.559
4.827,3.257
22.554,23.709
38.788,66.451
40.862,56.81
49.723,46.601
0.019,0.015
4.166,2.696
16.525,11.167
5.34,0.29
1.698,0.004
6.366,3.808
93.294,432.258
65.698,22.67
4.438,1.081
17.391,12.539
0.028,0.0
16.733,11.618
8.311,10.184
14.13,13.206
0.0,0.0
16.66,12.582
10.017,11.918
10.192,9.312
12.589,8.055
8.214,3.659
0.095,0.002
8.842,4.633
0.467,0.008
20.344,9.705
3.046,0.005
0.722,0.216
34.984,26.249
4.974,0.01
12.933,41.628
5.226,4.637
21.258,61.338
4.779,0.011
97.796,181.926
64.443,87.562
19.743,11.167
3.718,0.217
97.246,458.41
80.999,115.821
15.455,0.056
1.23,0.725
5.815,0.0
1.635,0.308
38.885,34.978
26.052,13.021
51.655,62.784
23.56,13.878
33.634,13.364
12.389,19.334
16.079,6.35
7.037,3.613
0.48,68.444
12.208,12.512
1.053,2.064
5.436,1.076
37.573,17.736
58.832,68.134
4.561,0.035
28.993,18.613
0.009,0.025
3.125,3.203
27.209,4.263
27.197,0.0
20.612,10.232
7.412,11.024
0.13,0.0
6.673,3.065
0.344,0.85
0.212,0.086
1.075,108.182
98.605,37.907
13.6,13.393
18.709,3.415
1.641,0.033
1.506,1.695
34.675,22.589
14.331,29.171
4.452,0.164
17.83,18.823
14.661,12.649
35.916,35.837
0.0,0.0
29.785,31.466
0.952,0.006
28.026,18.865
4.14,5.568
3.068,3.338
0.482,1.437
0.0,0.004
12.058,18.62
17.058,25.17
17.309,13.293
0.136,33.526
14.436,27.535
12.406,0.0
68.615,0.022
6.677,6.748
11.829,4.307
6.779,5.406
4.719,7.041
14.695,18.85
0.07,0.0
7.632,3.703
42.858,29.341
1.118,1.22
68.873,170.219
6.363,1.199
10.597,13.87
10.211,1.249
1.677,1.334
3.767,1.125
29.359,24.485
21.395,15.665
0.485,0.0
18.607,2.936
7.005,19.526
1.659,0.779
22.083,21.498
1.109,0.007
0.027,0.084
1.404,0.936
17.339,33.033
26.375,26.475
24.581,26.159
1.489,7.02
3.81,0.184
42.16,0.093
3.749,2.309
4.984,9.259
10.159,6.369
1.526,0.0
2.253,0.089
48.657,13.186
16.132,33.965
7.177,10.286
0.135,0.075
3.342,16.217
4.169,3.943
18.551,23.42
13.165,21.781
0.378,0.002
15.233,10.534
58.343,35.48
0.421,3.227
6.106,9.29
4.313,1.328
2.248,1.626
4.292,2.448
1.293,7.256
106.227,265.682
21.148,15.785
3.121,3.904
7.891,19.447
37.507,42.98
5.706,7.29
34.813,32.602
45.141,51.342
104.937,58.302
29.371,26.108
18.643,13.208
20.244,32.218
10.048,10.163
8.239,8.24
25.921,3.637
5.457,12.273
64.799,34.064
5.253,6.313
8.784,4.91
1.414,0.006
0.0,0.0
22.395,18.305
0.044,0.0
284.587,0.0
24.375,25.202
20.238,18.071
16.15,520.857
75.566,28.222
223.575,187.77
16.973,3.303
22.506,22.806
48.296,16.834
0.155,0.005
260.117,358.543
13.944,0.882
0.048,0.0
0.04,0.265
0.061,0.024
39.268,28.14
4.092,0.038
5.843,1.405
14.161,8.532
4.846,2.743
0.082,0.0
4.863,1.148
5.431,2.088
1.953,0.805
16.007,42.248
56.209,101.258
43.786,55.337
16.242,15.075
25.233,16.453
20.266,10.842
67.291,52.169
36.817,18.496
0.384,0.004
3.905,4.739
0.0,0.0
32.892,10.965
1.206,0.004
15.998,14.825
227.18,341.657
30.224,37.045
7.154,5.244
4.873,19.799
37.189,38.481
0.0,0.0
27.326,33.408
4.796,0.017
30.158,10.605
0.082,0.0
28.518,0.07
3.518,0.0
0.0,0.0
12.663,11.084
6.967,71.581
0.438,0.018
0.0,0.016
0.076,0.0
22.197,17.515
3.662,0.12
6.158,4.845
1.676,0.113
1.073,0.315
4.309,1.38
5.354,8.65
23.349,24.363
11.747,20.351
38.049,12.825
7.391,5.532
15.033,14.148
7.721,12.338
2.48,3.089
35.615,12.852
1.313,4.22
26.546,28.964
47.873,69.114
3.831,3.172
0.435,0.009
1.708,0.016
16.046,15.027
11.226,0.741
3.122,7.363
1.278,1.709
0.066,0.0
0.032,0.0
0.009,0.013
8.763,11.417
3.13,3.507
7.219,1.86
0.009,0.0
14.104,20.24
0.017,0.051
0.333,0.315
0.138,0.043
4.249,3.608
11.098,6.323
8.69,7.545
0.035,0.0
73.799,54.851
11.107,16.213
1.327,0.141
5.076,7.204
0.0,0.0
0.0,0.0
1.055,0.012
0.0,0.0
31.106,27.261
19.101,17.869
23.184,22.798
16.939,45.929
3.715,0.154
0.805,0.008
3.913,2.968
6.609,6.603
0.014,0.0
15.94,24.301
0.186,0.051
3.595,1.002
2.567,0.132
0.215,26.484
5.542,6.307
9.161,8.646
0.015,0.0
1.891,0.759
0.031,0.008
4.509,0.147
7.565,1.632
504.738,907.186
7.213,2.72
0.02,0.0
0.008,0.0
28.01,20.229
2.804,2.899
0.144,0.0
5.685,11.323
6.53,2.723
4.752,3.592
5.826,0.814
1.237,3.347
25.704,15.792
0.0,0.0
32.995,0.093
16.684,19.732
12.182,4.762
2.735,1.462
48.116,17.24
64.532,25.805
0.282,0.005
9.57,2.483
15.496,3.795
1.083,0.003
38.822,31.395
51.391,38.25
9.723,2.267
24.42,35.465
26.515,3.571
18.281,17.513
0.562,0.0
47.437,20.149
6.887,1.431
0.354,1.461
0.048,0.018
32.756,14.2
21.867,20.223
1.107,0.416
16.952,5.67
4.782,2.442
3.368,2.194
0.523,0.001
2.294,1.229
7.762,1.322
0.123,0.549
0.338,24.433
0.405,0.253
0.28,0.003
0.265,0.0
12.997,11.205
18.938,14.444
12.503,13.493
6.75,3.092
4.12,1.486
111.302,0.0
54.308,18.707
0.528,0.112
6.364,4.056
23.66,28.721
0.033,0.011
0.323,0.02
9.84,10.901
2.326,11.856
18.887,8.369
17.515,4.09
32.319,4.337
1.211,0.064
11.196,4.987
5.741,2.057
3.892,1.225
0.091,0.0
9.933,4.191
11.242,11.896
1.921,5.89
0.108,0.0
2.369,2.909
0.307,9.918
5.228,4.697
7.455,13.853
14.293,16.835
22.876,23.472
13.245,6.564
1.352,0.001
77.464,89.013
6.951,1.25
0.063,0.0
16.558,11.848
26.9,15.666
26.491,53.669
3.106,0.035
4.431,5.224
0.059,0.052
12.629,22.868
0.155,0.083
2.066,0.0
26.267,13.931
1.299,5.639
10.708,9.865
28.172,24.716
0.077,0.01
47.56,77.532
9.272,9.807
0.114,0.014
0.0,0.0
6.265,10.298
0.254,0.001
11.458,19.062
55.602,23.454
77.264,97.623
15.544,19.075
1.052,0.049
4.301,8.6
5.836,1.197
14.71,9.492
24.172,7.186
71.397,37.586
34.059,36.056
24.177,46.195
0.0,0.0
0.235,0.0
3.088,1.091
2.053,1.502
5.126,2.76
45.145,33.816
3.68,0.0
0.245,0.104
12.717,0.168
20.274,10.195
0.234,0.038
1.747,0.053
0.0,0.0
0.103,0.004
10.934,0.681
2.777,0.0
2.673,1.225
0.0,0.0
16.122,13.956
0.142,0.0
2.046,0.141
33.243,6.172
0.345,0.215
16.405,69.426
37.833,57.153
0.0,0.0
17.981,34.093
5.108,1.393
6.735,4.268
0.352,0.173
0.29,0.159
0.539,0.021
5.845,4.815
14.972,12.245
10.442,9.904
7.893,8.136
15.573,4.058
45.029,101.485
43.757,65.0
100.997,93.724
202.654,322.08
9.917,11.864
1.334,0.765
16.818,5.22
0.403,0.016
8.19,0.0
8.618,24.807
1.766,0.073
5.044,8.535
418.11,809.401
0.097,6.49
0.083,0.001
46.189,21.621
85.272,179.505
0.0,0.0
6.926,14.757
18.551,13.408
25.39,29.411
0.028,0.001
0.0,0.0
0.266,0.016
0.0,0.0
78.134,101.024
0.126,0.0
6.979,3.839
13.423,19.95
17.019,5.184
0.02,0.0
3.414,3.824
4.068,7.43
3.154,1.133
9.895,10.448
0.037,0.006
5.697,7.562
4.964,21.531
11.793,1.234
4.054,0.064
16.752,87.463
3.045,0.0
0.856,0.0
0.139,0.0
0.013,0.0
0.103,0.014
0.727,0.104
0.118,0.04
6.118,3.074
0.005,0.003
34.248,76.135
12.757,10.876
0.0,0.0
104.899,74.361
2.186,0.22
3.205,0.0
13.278,9.098
22.22,22.072
0.983,0.267
0.0,0.007
34.025,47.951
1.86,1.796
30.045,34.878
29.616,50.931
42.887,46.723
20.029,18.628
6.043,2.784
5.43,1.741
0.837,0.592
18.641,8.493
8.221,3.397
27.738,14.649
4.157,16.509
0.008,143.311
20.821,6.701
17.67,8.447
0.012,0.039
0.105,49.295
0.0,0.245
2.956,0.529
2.524,13.318
66.603,168.985
4.132,0.102
47.383,44.318
33.416,77.889
0.0,0.0
10.893,6.632
1.005,0.004
20.851,62.818
51.635,28.707
0.624,3.854
1.559,0.074
18.973,19.451
3.813,14.007
6.621,0.056
1.371,1.386
29.633,29.661
1.801,0.009
9.588,3.756
19.606,20.626
47.715,13.209
10.498,7.515
10.421,9.274
20.858,12.476
13.545,5.368
6.479,10.927
4.464,6.271
47.235,52.415
0.226,0.0
0.058,0.007
20.761,21.034
2.822,36.426
2.983,0.005
46.188,46.332
7.132,7.234
21.499,1.022
18.74,13.524
22.332,40.731
17.024,8.321
36.739,42.603
10.97,15.953
14.185,3.339
40.822,175.231
51.733,67.179
9.291,25.707
8.128,5.923
22.059,16.253
1.205,0.75
107.482,114.695
13.845,8.926
3.176,26.504
1.912,0.146
3.321,9.058
5.561,10.528
5.544,3.334
0.022,0.0
9.678,0.009
1.962,0.0
14.856,16.339
15.453,10.089
1.121,0.461
0.246,0.0
4.168,0.275
3.411,0.674
3.358,5.214
1.266,0.015
16.948,11.446
12.886,6.846
0.0,0.0
11.566,5.437
0.842,0.196
24.446,15.734
23.68,4.934
0.237,0.02
5.549,0.0
0.0,0.0
0.012,0.0
9.32,6.915
23.247,14.428
0.226,0.022
16.345,9.218
13.79,8.389
15.18,69.242
8.731,6.067
3.375,3.286
0.207,0.0
1.596,4.18
0.0,1.973
2.199,1.395
2.641,0.848
37.987,9.463
12.241,11.522
55.577,116.756
4.719,1.492
0.539,0.0
30.57,25.516
17.586,16.601
1.096,0.535
12.507,14.818
51.213,0.0
0.026,0.0
0.877,3.852
6.163,0.335
7.837,2.721
26.359,29.992
0.043,1.69
0.088,0.0
2.992,7.863
65.928,78.766
77.918,33.583
16.079,4.851
165.54,241.834
0.284,0.012
0.497,0.125
1.077,0.0
0.0,0.0
9.93,4.894
0.981,4.77
5.608,0.112
1.873,0.006
0.133,0.131
2.605,0.873
1.62,0.315
26.608,28.012
0.0,0.231
87.43,99.543
1.065,0.0
28.822,7.59
6.108,6.555
4.681,4.022
15.804,13.843
6.304,3.102
0.393,0.0
17.584,7.861
13.72,5.809
7.673,1105.2
2.626,1.232
115.041,102.107
1.362,0.022
7.713,8.879
59.536,43.794
0.037,0.043
0.963,0.089
27.643,16.136
11.073,8.693
59.669,32.691
0.972,0.429
10.072,6.989
5.522,1.789
1.714,0.008
3.788,2.235
0.0,0.0
0.0,0.035
6.235,14.856
13.2,10.139
8.301,13.118
0.858,1.015
1.465,0.173
12.102,11.46
5.609,12.641
117.537,164.849
0.145,0.021
12.842,16.678
24.52,16.345
1.896,2.347
10.418,12.867
0.098,0.0
1.878,0.727
11.276,8.614
37.138,31.829
6.938,0.269
21.231,17.216
9.972,15.69
0.312,0.0
32.515,25.71
0.73,1.501
3.203,1.589
41.28,23.745
8.888,3.194
25.897,23.653
4.486,2.994
3.732,0.405
120.179,0.0
2.688,0.957
1.942,3.512
4.441,12.983
9.863,13.773
28.995,10.819
0.89,0.0
5.171,3.053
12.301,10.185
3.9,1.819
7.456,11.212
42.413,108.253
13.438,17.768
0.0,0.006
1.532,2.17
69.29,76.12
0.434,0.023
9.316,3.49
1.786,0.819
7.146,2.857
6.069,4.918
22.337,26.19
48.613,59.194
7.393,6.644
0.338,0.0
2.764,2.127
0.051,0.0
2.029,0.0
1.705,1.35
14.86,13.101
7.157,2.834
0.115,0.006
71.603,44.011
0.406,0.048
108.482,73.445
7.177,11.952
0.56,0.577
19.855,126.308
26.5,0.311
11.435,13.075
2.553,4.65
20.794,41.228
122.106,113.074
7.595,7.275
0.509,0.236
3.452,3.42
19.674,34.285
0.0,0.117
12.359,10.066
5.446,2.006
0.05,0.0
10.254,5.092
3.786,0.692
6.971,4.869
2.3,9.886
16.218,16.999
1.831,18.681
0.0,0.005
6.059,0.019
13.966,13.074
52.462,68.01
6.408,0.149
13.547,7.496
29.902,81.471
7.707,8.435
11.108,10.296
2.022,0.602
1.829,0.728
36.851,231.099
3.59,2.047
0.494,0.0
10.912,6.731
17.71,5.686
28.803,11.668
0.313,0.0
19.342,13.16
0.402,27.883
9.379,2.859
4.723,6.946
17.024,15.198
9.583,11.821
21.198,13.796
3.957,1.985
8.359,13.367
7.562,1.359
0.061,0.944
195.216,162.177
22.383,36.081
17.538,21.271
12.711,0.009
15.436,3.507
45.862,0.949
4.23,1.48
33.052,41.277
7.253,8.088
13.767,8.067
0.004,0.0
17.382,10.382
21.122,2.716
57.256,2.432
2.271,0.754
128.191,131.039
119.757,73.577
11.289,5.707
0.786,0.005
20.774,11.896
0.18,0.025
43.941,31.67
0.052,0.002
28.688,33.159
32.22,37.961
6.555,12.259
1.875,0.218
0.186,0.0
11.518,18.7
6.174,11.265
12.949,0.013
72.034,22.647
0.0,0.0
4.565,1.534
2.343,3.4
0.082,0.024
0.048,0.0
0.653,0.045
14.856,12.962
3.876,5.983
9.889,12.875
15.508,6.604
1.403,0.044
1.207,0.007
5.838,1.564
16.357,12.076
13.861,11.503
40.083,33.391
0.151,2.062
82.615,53.87
26.866,9.802
0.134,0.0
21.664,24.04
15.963,58.599
43.011,36.633
0.0,0.0
0.0,0.0
11.363,0.169
12.811,5.565
18.288,9.775
1.453,0.0
30.032,27.192
16.084,4.183
22.793,25.238
0.147,1.221
0.009,0.0
34.126,17.178
0.352,0.0
5.704,10.405
0.005,0.001
8.953,10.288
1.755,0.0
4.94,0.0
7.838,4.067
46.388,46.08
2.154,0.027
8.29,8.38
0.0,0.0
23.821,16.101
8.843,0.796
5.046,1.239
0.095,1.412
5.118,17.947
0.0,0.0
0.008,0.345
0.023,0.035
0.0,0.055
0.131,0.0
24.799,27.625
8.71,5.708
6.886,8.997
21.142,12.42
5.6,0.225
22.679,39.842
18.386,10.743
19.839,21.506
29.2,0.293
18.512,27.034
0.042,0.0
16.073,32.631
33.277,24.529
13.903,15.773
12.765,12.002
21.34,106.135
0.376,0.023
21.727,35.724
275.621,455.491
18.355,7.53
25.952,20.09
15.697,19.409
17.11,13.319
23.011,13.266
10.492,8.029
18.657,38.561
2.117,0.119
66.346,146.776
0.0,0.0
0.0,0.0
17.405,12.448
7.371,0.075
8.968,41.104
59.403,21.91
6.098,3.69
10.599,0.0
15.071,6.73
0.942,0.241
2.487,84.357
24.731,17.903
1.53,7.775
7.355,2.864
0.105,0.0
6.118,3.256
24.206,24.054
18.982,29.55
15.552,5.933
1.44,0.013
1.079,0.72
92.923,74.244
8.839,11.68
0.793,0.042
29.249,20.777
0.034,0.0
7.366,6.046
0.612,0.008
24.56,0.0
77.184,123.914
4.911,0.0
2.512,3.385
11.735,13.339
11.446,5.53
6.318,1.023
22.298,19.838
173.975,28.251
0.0,0.0
12.706,6.776
12.781,163.645
1.487,4.603
18.694,28.327
2.112,0.115
13.205,4.445
16.503,14.988
167.031,162.237
3.373,0.98
0.559,1.796
14.716,13.785
10.287,5.647
19.841,23.81
11.415,11.429
3.215,1.427
13.225,6.957
9.707,18.837
12.756,6.165
52.793,56.705
0.093,0.0
3.85,0.011
0.0,0.0
0.0,0.0
3.04,1.403
0.477,0.142
10.927,19.793
0.553,0.193
5.26,1.273
14.434,32.134
24.295,36.292
10.64,7.584
4.64,3.685
6.898,0.093
8.085,7.698
54.469,37.37
25.051,3.995
44.739,34.381
5.878,3.358
7.087,15.352
4.558,3.32
55.335,5.159
9.506,1.961
20.346,10.582
17.223,6.037
0.483,0.0
43.117,53.062
17.046,11.235
18.47,89.552
4.159,1.85
14.134,14.533
0.114,0.016
0.0,0.012
0.0,0.0
0.17,0.258
0.404,0.013
12.648,0.007
8.844,2.963
86.182,77.849
3.905,8.151
0.039,0.005
17.131,0.156
5.815,5.383
11.511,13.534
60.517,23.922
105.153,54.614
466.128,110.631
26.419,22.534
68.972,33.74
89.448,101.518
25.314,5.397
5.567,4.267
8.79,1.541
15.43,12.035
0.0,0.0
1.536,8.636
30.807,16.092
76.537,60.099
14.279,11.326
5.357,5.615
16.356,4.401
0.769,0.31
0.396,1110.47
1.244,0.166
9.35,1.434
1.749,2.44
0.418,7.882
0.319,2.473
0.013,0.004
0.76,1.906
9.47,8.869
6.289,1.587
1.4,0.0
13.825,8.085
2.705,1.636
3.708,0.738
23.66,17.128
8.646,6.107
7.496,0.969
4.584,0.799
28.094,5.262
0.703,0.007
8.711,5.779
18.993,8.746
6.245,12.435
1.298,0.694
0.265,0.025
23.965,12.185
0.441,0.009
2.158,0.781
13.945,12.451
77.512,33.684
3.631,2.564
2.173,1.373
0.0,0.0
6.1,19.463
1.376,1.372
18.968,13.588
0.054,0.0
0.074,1.59
0.008,0.0
0.003,0.0
0.537,1.549
39.059,48.241
29.695,44.922
4.695,60.586
0.0,0.147
0.45,0.099
39.458,25.68
13.492,11.642
10.823,7.145
6.562,4.781
2.963,0.112
0.83,0.002
4.198,0.031
0.167,0.051
0.876,0.048
2.272,8.831
0.027,0.0
3.65,3.529
8.296,2.076
0.384,0.013
10.206,134.313
12.552,5.388
17.699,2.991
16.739,498.968
3.486,8.38
75.103,36.668
9.809,12.451
20.123,12.943
1.389,1.016
19.426,0.033
9.533,4.659
13.276,15.172
21.224,22.773
21.443,16.117
3.561,6.593
1.216,1.558
13.089,12.775
8.909,8.289
6.357,0.35
6.925,3.939
7.111,0.049
1.272,0.219
6.805,3.425
1.598,15.104
26.124,25.449
0.097,3.89
0.0,0.0
3.465,0.078
0.745,0.011
2.948,1.166
2.946,0.023
0.049,0.304
79.815,33.263
0.107,1.029
5.42,6.072
13.34,0.521
7.276,42.282
2.903,1.526
14.461,13.44
17.517,19.184
11.94,14.793
0.01,0.0
22.45,8.827
0.65,0.029
1.349,0.06
5.5,19.327
5.425,0.563
1.254,0.0
0.11,205.102
0.058,0.0
6.129,7.326
15.418,21.703
4.618,1.804
14.939,13.112
3.664,1.832
32.754,60.768
5.625,1.328
12.404,28.261
10.682,3.324
16.096,9.43
4.202,2.125
0.0,0.0
18.483,7.054
4.727,4.235
5.292,3.096
0.0,0.0
51.871,85.104
89.948,49.847
33.714,38.905
28.027,14.205
1.623,0.0
15.694,9.529
0.033,0.001
14.987,0.115
12.027,7.202
0.699,0.0
74.444,67.13
13.037,15.96
43.337,21.843
0.581,0.004
2.869,8.216
32.033,77.148
0.007,0.0
3.59,2.252
0.061,0.023
17.712,79.806
3.513,0.004
4.907,1.751
0.687,0.0
0.051,0.0
16.81,10.508
0.633,0.098
30.759,10.373
1.251,1.41
1.893,2.893
13.561,63.096
3.653,3.484
24.058,30.861
21.962,23.787
13.367,5.945
0.252,0.001
4.121,0.803
1.328,0.014
77.646,0.007
10.141,9.452
9.709,13.22
0.233,84.118
40.932,90.939
3.08,4.213
71.866,78.062
0.437,0.008
23.491,29.049
6.745,8.213
1.079,0.0
0.354,3.574
0.019,0.0
5.989,0.162
7.539,0.416
8.674,2.466
4.042,1.866
3.021,43.663
49.139,42.969
7.412,14.66
8.561,5.182
0.305,1.032
0.143,0.006
1.627,0.895
21.492,16.534
18.076,12.448
39.084,12.226
12.476,11.896
0.074,0.587
23.16,6.988
12.034,7.14
0.29,0.47
1.123,0.02
49.109,54.172
28.102,18.891
12.043,4.303
21.371,19.745
0.092,0.01
7.105,1.011
16.27,22.294
18.661,8.73
22.428,29.071
7.708,0.007
7.787,5.083
5.258,11.709
5.059,0.982
0.0,0.078
0.0,0.0
10.256,4.022
3.293,2.81
2.031,0.366
13.902,10.254
8.013,4.545
20.801,26.92
12.435,13.995
7.199,8.394
1.629,0.314
2.553,2.288
24.037,31.045
0.14,0.007
8.263,1.993
4.714,6.801
0.675,0.0
9.016,8.617
62.404,38.315
1.049,0.736
3.586,1.585
5.305,7.726
1.662,2.924
4.304,0.747
2.119,0.004
1.873,0.0
5.362,1.393
13.679,5.705
14.572,14.768
60.81,9.856
0.159,0.104
0.272,0.105
35.78,48.729
2.749,3.651
3.639,8.444
0.0,0.0
5.071,3.09
5.979,8.251
5.079,5.985
0.204,0.538
12.293,32.234
4.546,2.093
0.023,0.0
3.914,0.394
0.915,0.913
0.34,0.0
3.356,2.143
19.057,14.773
0.063,0.011
8.027,7.531
39.649,34.62
22.466,48.794
2.207,3.381
45.236,35.977
7.459,9.354
8.451,3.538
31.755,35.324
0.023,0.721
3.164,10.391
3.758,73.323
13.589,13.713
9.978,5.057
5.577,6.602
7.637,9.603
0.209,0.0
8.175,19.837
36.839,0.121
28.722,26.701
1.194,0.055
20.931,73.788
18.872,41.944
0.0,0.0
13.166,22.522
14.331,5.406
4.64,0.016
3.173,24.549
23.046,5.901
3.209,7.196
33.899,40.602
0.004,0.0
13.504,22.096
8.743,3.281
1.625,0.0
2.531,0.689
0.446,0.0
1.014,0.071
5.991,6.919
15.062,4.352
6.872,6.132
3.811,4.813
14.719,25.309
3.269,4.704
3.127,2.379
0.0,1.311
42.655,11.333
0.013,0.103
14.652,2.869
0.074,0.0
0.348,0.287
9.571,5.36
29.927,16.69
3.37,4.025
2.368,10.28
10.683,9.808
16.401,24.364
13.089,6.276
0.949,0.118
11.211,1.792
6.079,3.641
0.157,0.029
2.269,0.0
11.861,7.957
3.9,0.004
1.51,0.171
9.701,39.338
13.063,11.488
2.528,0.329
0.036,0.0
0.0,0.0
21.49,11.871
2.576,19.076
10.75,6.835
2.307,0.024
11.763,21.444
0.028,0.007
42.282,99.486
7.558,6.491
5.261,0.003
0.02,0.0
19.239,128.304
3.785,3.363
8.003,11.666
78.698,0.0
0.0,0.0
31.043,14.407
2.153,0.242
13.534,12.426
0.046,0.008
0.348,0.0
5.897,2.141
1.203,0.165
10.249,15.445
12.425,8.864
23.501,15.733
3.816,3.453
8.467,15.483
15.323,54.571
5.781,5.256
4.939,2.701
2.779,0.7
0.284,0.002
16.72,15.018
9.185,9.19
2.31,2.395
25.342,33.459
0.0,0.012
7.835,11.008
5.443,5.441
0.089,0.034
4.238,0.018
9.444,11.476
0.379,0.042
0.998,0.0
0.414,0.0
0.063,0.082
2.676,0.968
24.845,36.794
2.451,0.078
0.0,0.0
22.148,15.433
1.533,1.486
3.335,0.887
12.487,17.019
8.541,10.953
4.022,3.823
231.595,0.239
3.627,2.46
6.602,2.304
7.131,3.651
18.484,21.45
52.751,107.531
171.198,223.432
22.483,19.087
0.0,0.0
8.147,5.215
0.0,0.06
7.114,19.817
38.543,20.884
6.327,1.482
59.45,56.691
33.895,17.857
12.955,6.972
0.21,0.0
12.837,1.059
7.523,5.719
9.419,27.687
15.563,0.887
39.032,21.52
10.815,7.245
3.796,0.0
18.256,6.816
0.04,0.0
0.04,0.0
32.856,9.9
0.0,0.0
3.372,0.0
5.095,4.217
12.741,9.11
7.255,1.598
29.399,24.11
0.358,0.003
2.437,0.0
11.351,3.946
0.414,0.079
1.308,0.689
0.045,0.0
1.323,0.0
0.834,0.063
1.221,0.0
44.592,23.994
9.073,23.305
5.604,0.002
0.29,0.018
0.938,0.415
0.132,0.226
2.869,1.783
5.765,4.325
0.191,0.868
0.137,0.022
9.08,14.326
9.558,2.763
8.216,3.677
0.098,0.021
0.914,0.008
2.472,26.295
1.2,0.743
0.0,0.0
3.431,1.054
2.831,2.359
0.916,0.04
0.019,0.099
0.028,0.028
4.639,0.07
1.596,0.0
3.004,2.532
56.465,57.848
0.463,0.012
3.259,5.692
28.453,27.797
3.496,5.884
0.237,0.854
20.739,22.435
16.896,12.79
20.892,21.119
62.34,79.92
7.011,3.539
0.067,0.0
0.062,0.042
5.057,5.138
10.793,0.349
0.254,0.003
0.016,0.0
0.683,0.08
13.227,13.32
18.634,10.217
111.591,108.428
9.906,6.274
1.066,1.021
7.093,3.757
10.392,4.327
30.672,10.537
32.212,41.074
13.765,18.521
0.233,0.613
27.938,29.776
10.003,0.04
15.882,12.258
4.839,0.452
24.921,25.181
9.606,11.565
9.222,6.385
2.645,0.842
34.098,15.138
3.678,0.085
27.265,18.403
25.842,47.209
19.104,10.255
6.442,9.581
8.925,5.697
10.893,4.643
0.93,0.009
11.378,9.14
16.151,6.72
1.722,2.132
0.887,0.069
3.115,2.127
26.625,11.477
0.075,0.0
5.554,0.096
0.248,0.001
0.551,0.019
46.875,47.703
0.014,0.005
0.073,0.006
2.408,2.782
0.193,0.998
29.134,21.1
1.027,0.046
41.807,29.028
19.884,11.708
0.067,0.016
11.595,6.148
0.036,0.0
3.593,2.243
34.64,43.879
6.501,1.835
12.632,21.183
0.85,0.097
1.913,2.434
34.416,37.344
39.575,79.677
9.43,4.843
9.884,27.116
0.884,0.085
26.109,19.674
0.163,0.0
39.765,29.88
25.831,37.45
1.347,2.178
0.264,0.102
1.189,0.057
30.014,13.358
58.535,14.647
5.081,4.536
25.928,18.645
7.787,6.707
102.601,114.279
21.973,24.997
0.042,0.021
32.663,6.853
0.771,0.007
0.0,0.003
11.687,0.207
25.046,25.983
11.671,9.236
1.046,3.225
0.795,0.796
7.479,1.45
0.624,0.039
19.782,34.22
1.604,1.037
22.089,18.948
16.419,11.912
0.113,0.002
5.301,4.569
26.039,10.122
27.224,17.069
0.075,0.038
2.744,13.988
31.497,14.735
44.833,12.21
38.983,42.625
19.329,125.853
14.127,4.014
6.269,34.898
0.06,0.006
12.331,3.237
0.434,0.0
64.832,64.463
6.788,6.971
112.965,94.891
7.546,8.812
3.481,0.336
20.263,26.486
39.777,53.33
16.719,8.004
9.722,5.478
12.212,13.516
19.646,20.77
39.431,46.872
5.565,7.175
1.796,3.562
0.002,0.0
0.102,0.0
4.681,0.196
64.735,101.21
9.104,7.294
2.152,0.529
0.0,0.02
6.127,11.61
72.82,81.22
12.902,10.821
31.452,34.453
8.976,6.704
10.589,0.071
0.0,0.068
11.212,19.245
0.0,0.0
20.498,53.915
0.0,0.0
9.8,8.332
46.955,79.662
5.841,9.819
0.085,0.126
27.294,11.56
20.078,10.817
1.965,0.073
1.023,0.281
18.541,18.114
6.386,6.781
1.444,0.025
0.13,0.162
3.782,0.026
0.702,0.0
92.194,95.843
84.599,87.508
0.0,0.0
27.927,2.634
18.648,26.944
28.373,76.201
5.0,3.551
34.311,36.724
3.827,2.631
23.745,12.646
2.18,11.055
103.32,97.602
25.483,21.832
9.701,10.748
27.626,39.915
0.779,0.0
0.188,0.0
0.019,0.013
0.13,0.249
2.398,3.672
9.151,2.594
8.128,10.968
2.801,0.672
1.515,0.788
11.848,18.679
38.678,13.856
23.947,63.299
3.549,0.007
24.692,11.461
15.698,0.23
0.947,0.182
4.842,5.674
32.856,78.367
26.887,12.579
37.835,0.121
1.554,0.112
40.748,40.294
1.052,0.235
212.464,209.346
41.974,4.638
124.341,117.599
0.87,0.063
4.31,0.119
6.283,11.347
79.263,127.119
56.43,93.827
52.87,96.516
24.021,36.762
22.42,25.06
51.833,19.724
13.704,9.775
24.299,28.22
17.541,6.089
5.652,0.148
9.617,1.253
9.148,0.012
10.557,4.377
0.448,0.241
55.132,65.983
33.434,10.267
1.58,0.327
21.497,22.649
7.912,0.017
2.421,4.105
14.915,46.849
12.844,9.986
3.356,1.714
6.724,9.029
0.209,0.265
0.315,0.0
33.273,13.206
18.255,21.914
22.099,22.617
19.167,33.99
27.59,21.699
20.043,22.221
10.303,6.575
36.673,31.78
1.685,0.023
0.025,0.0
0.363,0.0
238.887,28.673
90.591,52.743
45.283,49.839
1.083,0.005
4.396,0.49
73.485,12.374
33.803,5.197
14.818,11.325
35.897,6.157
8.473,5.67
19.323,29.7
0.0,0.0
2.674,2.322
38.874,40.538
16.303,17.064
6.816,0.01
11.182,8.943
0.065,0.018
8.07,9.577
83.173,90.02
20.41,16.895
32.039,19.22
0.0,0.0
14.288,7.135
4.267,1.468
2.379,0.245
4.952,4.319
268.971,110.435
20.634,1.073
1.585,0.007
136.591,7.173
13.583,10.266
112.744,164.095
110.183,0.508
31.34,13.995
0.058,0.0
0.724,3.351
30.669,34.748
12.04,7.686
126.123,701.324
4.788,3.858
11.448,13.444
22.942,31.924
0.017,0.0
165.095,256.664
61.4,76.472
0.83,0.039
1.77,0.471
12.197,14.904
0.517,39.536
3.749,2.878
2.022,0.0
0.085,0.003
25.972,7.516
5.524,2.678
2.113,0.027
0.113,0.001
0.611,0.0
20.034,7.584
13.962,7.104
0.952,0.006
63.173,55.397
7.996,5.461
16.29,0.0
5.921,0.264
123.943,218.611
0.0,0.0
0.012,0.0
0.016,0.0
0.0,0.0
6.316,5.052
2.304,1.39
0.094,0.0
0.791,0.03
6.439,4.985
36.128,46.188
4.249,0.0
6.741,0.024
5.059,3.306
0.239,0.1
16.62,0.978
0.477,0.0
0.037,0.001
0.352,0.043
0.053,0.004
0.216,8.094
0.139,0.011
0.214,0.186
15.791,90.841
4.599,2.399
60.266,62.742
12.313,11.726
70.919,34.751
0.78,0.132
171.473,200.748
3.555,8.252
2.196,2.956
12.945,14.915
7.42,8.695
15.87,13.16
8.502,1.388
0.425,0.0
1.852,0.0
14.183,7.291
8.487,14.271
0.0,0.01
13.32,39.33
7.924,10.217
19.993,10.434
0.939,0.0
1.535,2.199
18.069,12.817
7.624,2.741
82.691,66.738
8.681,13.201
61.491,81.683
8.522,6.22
11.369,6.956
2.573,223.776
0.867,1.068
39.259,30.749
34.408,70.705
0.345,0.499
1.637,5.164
0.208,0.249
1.548,0.844
0.018,0.0
13.308,10.789
0.3,0.022
0.045,0.0
16.037,6.21
2.185,2.95
12.722,30.738
6.633,2.088
5.939,9.512
10.679,16.228
0.0,0.0
44.437,63.447
0.031,0.017
0.619,0.077
16.163,0.173
0.016,0.011
18.468,13.449
0.674,3.59
0.343,22.439
2.487,7.474
26.915,37.504
49.751,25.113
29.162,25.175
2.692,3.984
16.702,10.816
22.338,15.429
79.32,130.539
11.306,31.495
0.279,0.012
2.563,0.0
1.503,0.447
18.143,24.784
51.904,27.947
0.173,0.0
0.0,0.0
8.333,3.396
0.014,0.0
0.178,0.024
0.313,0.0
9.719,28.965
0.017,0.021
13.261,12.497
1.31,2.529
29.428,38.285
8.9,3.826
4.505,0.013
15.099,5.57
3.628,0.075
43.781,60.024
88.757,133.458
0.039,0.002
17.491,7.005
0.113,0.0
25.915,23.836
0.012,0.0
12.281,5.702
8.327,5.791
1.093,0.0
14.469,23.661
97.402,4.678
152.484,93.924
7.365,12.555
12.521,14.316
3.692,0.843
18.522,19.687
1.702,0.0
4.998,2.524
6.391,1.943
8.31,4.863
0.034,0.002
16.305,8.875
1.237,0.04
7.654,5.758
101.342,27.236
25.772,7.46
13.328,8.331
13.591,11.626
2.123,0.619
14.506,10.908
12.618,8.413
19.894,1.997
98.427,120.486
5.256,2.082
21.411,16.666
22.389,32.962
31.221,33.71
53.728,9.264
7.746,11.89
3.587,1.138
13.024,0.0
70.772,54.606
27.815,13.311
2.716,0.306
12.464,10.933
20.359,8.81
4.673,0.652
0.206,0.695
0.687,0.0
14.385,8.621
3.654,2.101
4.174,5.281
0.657,2.308
0.047,0.009
27.184,19.734
3.797,6.477
30.605,40.111
15.409,16.072
6.33,0.061
4.46,2.063
12.997,17.507
1.16,1.283
6.96,48.73
0.531,0.022
12.374,7.776
11.968,5.936
0.0,0.003
0.0,0.0
30.694,48.321
99.693,60.269
32.495,13.768
0.128,38.938
70.879,100.908
0.455,0.011
21.229,22.775
5.117,3.142
0.04,0.503
58.569,47.833
48.814,54.022
50.766,53.59
8.2,5.008
13.543,3.241
2.196,0.0
2.367,0.014
94.486,98.844
17.946,3.544
187.62,198.093
9.841,6.332
16.992,17.058
4.497,0.014
6.248,2.946
0.0,0.559
1.509,0.024
4.875,1.808
42.884,57.067
6.371,3.077
28.058,5.38
3.032,2.073
3.341,4.774
12.478,8.845
39.34,24.863
8.094,9.453
164.964,115.251
11.085,6.922
17.851,8.74
52.639,53.669
13.814,12.225
172.511,305.865
11.513,0.006
13.085,21.297
16.491,3.612
38.641,63.002
10.832,6.627
1.342,2.36
6.638,4.894
7.302,16.606
68.577,33.071
5.76,12.124
37.271,31.959
40.936,11.973
1.453,17.512
38.429,9.071
1.5,0.094
10.415,6.25
6.889,3.499
8.764,2.145
4.045,9.476
2.708,0.007
0.722,0.017
22.703,29.532
0.881,13.156
0.622,0.0
129.754,158.924
96.947,19.599
0.264,0.02
13.187,7.41
10.325,0.157
2.573,1.857
1.118,0.0
34.123,13.303
70.07,67.768
11.524,8.603
0.757,0.404
13.088,4.718
0.0,0.0
13.742,12.605
11.178,5.274
42.358,27.692
0.72,0.044
1.589,0.499
0.0,0.017
30.895,39.513
4.003,2.34
64.388,40.841
0.094,0.063
16.913,8.458
0.908,0.0
4.437,11.672
2.916,2.175
33.033,47.933
2.657,2.571
9.081,17.017
0.682,0.006
0.517,0.487
1.365,56.037
1.887,0.029
20.635,35.806
0.021,0.0
8.539,10.889
0.296,0.139
2.593,2.748
27.532,238.002
1.228,0.049
6.387,2.374
3.499,1.219
0.044,0.0
4.519,2.446
1.458,0.484
3.586,0.008
43.505,26.352
0.02,0.839
5.89,4.526
0.146,0.017
0.032,0.0
31.268,20.213
11.966,19.031
0.531,0.002
13.827,15.246
0.465,0.001
0.174,0.0
6.343,3.846
15.284,8.541
0.534,0.003
0.269,0.002
39.784,21.299
4.03,0.302
8.083,5.783
3.737,0.955
3.033,1.65
2.832,1.339
197.981,102.754
1.516,0.29
4.827,1.457
0.052,0.002
0.16,0.0
0.0,0.002
5.251,9.07
1.9,0.415
1.862,1.309
0.653,9.607
3.92,11.539
0.04,0.002
5.061,5.952
6.363,7.176
0.352,0.055
22.58,1.472
0.172,0.0
1.876,0.868
12.229,14.273
3.349,1.968
0.108,0.006
16.498,5.623
3.968,2.81
17.393,12.502
21.749,16.769
20.557,25.346
25.861,27.44
25.735,21.49
0.329,1.648
5.576,6.423
13.377,18.379
14.004,9.972
0.337,0.0
11.914,8.835
2.198,1.77
0.016,0.0
3.114,11.138
12.72,22.781
0.289,0.071
0.418,0.072
11.946,8.819
25.123,29.034
1.046,0.063
0.181,0.074
15.681,9.039
14.881,45.39
1.386,12.153
17.867,3.114
3.026,0.196
5.142,5.525
3.38,3.869
6.219,6.118
3.392,5.421
17.261,22.134
40.061,63.814
11.142,7.398
8.303,6.404
0.054,0.0
90.916,72.169
7.781,3.734
1.001,0.019
9.254,7.731
3.878,3.686
3.823,7.49
0.0,0.036
0.12,1.465
4.59,9.181
16.2,9.754
0.728,9.628
2.571,0.0
6.368,3.694
0.729,0.662
2.74,0.016
12.074,10.473
0.533,0.007
0.644,2.637
20.909,30.008
0.514,0.003
0.346,0.0
1.915,0.018
38.545,33.368
0.593,0.118
8.087,6.588
4.593,3.35
15.188,22.874
0.0,0.0
1.473,1.234
9.93,5.861
5.503,5.095
6.224,7.324
4.715,1.042
10.566,22.155
6.723,4.438
3.1,11.248
13.668,6.889
34.079,46.44
1.539,0.005
0.277,0.0
1.97,2.228
0.84,0.21
7.0,2.89
0.795,0.001
0.918,1.356
12.629,13.386
502.08,0.631
2.48,5.251
0.108,0.008
6.815,6.786
11.746,3.968
1.113,0.002
23.54,10.759
6.465,1.947
0.774,0.0
0.025,0.014
2.007,19.001
7.476,43.721
1.171,0.012
0.043,0.393
5.54,16.702
6.569,2.191
38.01,15.887
0.031,0.0
0.0,0.0
2.484,1.561
5.807,3.474
17.243,17.032
61.31,43.192
4.882,2.993
9.378,6.277
25.427,13.542
0.215,0.019
1.16,0.241
7.566,4.569
3.314,2.998
0.103,0.0
63.703,43.304
8.16,5.06
4.209,4.419
11.04,11.011
6.387,2.286
0.091,0.0
29.683,0.022
1.543,0.352
5.509,6.639
6.969,2.041
0.253,0.0
2.177,1.4
0.366,0.133
59.191,51.502
38.024,30.888
8.182,0.015
0.846,0.092
0.284,0.0
14.701,17.584
23.238,10.543
2.057,0.924
28.821,15.362
33.251,35.987
0.005,0.0
15.592,34.413
0.37,0.0
0.096,0.0
6.273,7.573
0.078,0.0
8.707,6.228
5.418,3.719
0.718,0.0
0.136,0.049
10.089,0.008
0.358,0.0
16.474,29.123
0.994,0.0
2.089,1.452
12.399,7.283
20.691,34.704
8.242,4.364
3.039,0.464
17.166,10.269
252.682,152.413
4.708,1.6
0.105,0.0
1.217,0.33
7.47,3.465
12.216,7.969
12.665,4.142
8.513,4.938
0.562,0.0
0.758,0.008
19.902,22.586
2.9,0.728
3.349,0.718
0.01,0.0
0.362,0.012
21.583,11.051
0.0,0.0
0.0,0.0
34.497,52.609
0.999,0.334
0.0,0.0
0.028,0.0
5.324,4.159
0.028,0.0
4.175,7.669
0.0,0.0
25.621,54.726
32.097,23.278
3.864,2.393
4.634,0.534
74.775,59.991
8.753,4.676
28.562,25.849
5.128,0.0
0.696,16.646
0.066,0.0
2.736,5.777
0.418,0.139
0.0,0.0
0.0,0.0
19.608,4.881
7.526,17.086
1.953,3.941
11.062,4.281
0.093,0.0
0.102,0.8
30.674,22.991
0.731,0.0
0.949,1.224
5.313,0.029
0.0,0.0
0.0,0.0
0.047,0.0
1.295,4.45
5.92,2.851
134.743,96.719
16.293,7.459
0.254,4.1
24.823,96.294
31.148,4.918
13.499,8.799
0.414,0.0
3.795,0.721
18.885,26.152
23.255,33.458
7.859,0.016
0.035,0.0
0.269,0.003
0.091,0.0
0.051,0.003
1.258,0.066
1.685,0.567
1.63,0.119
0.067,0.002
0.155,0.005
5.199,7.006
0.416,0.401
8.357,44.503
2.487,5.263
9.2,3.962
0.082,0.05
3.243,2.233
2.922,5.476
0.085,0.0
48.44,5.031
14.672,5.22
17.663,7.323
0.006,0.0
1.856,0.828
0.044,0.0
0.0,0.0
2.71,6.623
0.055,0.0
13.074,15.636
0.0,0.0
0.0,0.0
0.0,0.0
28.426,37.121
0.0,0.0
6.398,8.872
7.291,5.244
1.588,1.369
3.45,2.074
8.959,24.77
19.579,39.276
2.05,1.007
21.927,17.004
0.069,0.015
16.925,6.161
18.171,14.163
0.014,0.0
20.578,13.705
1.573,0.354
0.054,0.003
3.656,0.828
22.728,39.321
14.999,14.928
2.256,0.109
6.463,4.174
18.104,11.638
7.316,2.327
2.677,1.39
0.0,0.0
8.909,119.85
32.545,20.806
170.084,4.12
16.512,4.657
295.614,0.0
2.555,0.414
104.543,99.905
6.776,2.56
21.939,13.387
90.881,120.329
19.505,18.727
0.555,0.006
8.306,1.607
2.193,0.374
11.377,7.655
0.0,0.0
12.769,1.78
5.756,4.207
24.493,4.535
11.801,7.19
31.371,17.098
14.632,11.322
0.415,0.07
0.0,0.0
11.988,11.363
5.524,0.0
12.121,4.945
2.946,14.0
8.504,5.464
0.174,0.0
23.115,14.285
0.0,0.0
1.876,0.069
3.498,4.793
0.017,0.335
31.828,15.07
3.635,0.228
1.107,1.46
19.021,24.645
6.427,8.439
0.246,0.635
3.636,0.495
6.487,7.848
6.085,9.538
0.615,0.51
180.762,382.591
0.0,0.0
0.203,0.489
4.418,4.853
4.905,35.508
0.0,0.002
0.189,0.175
4.742,1.304
4.11,3.582
5.545,2.965
90.956,38.829
4.746,2.861
0.0,0.0
28.318,8.826
7.789,3.608
9.606,0.0
163.947,64.937
6.711,11.342
1.54,0.0
34.108,144.841
0.0,0.018
70.121,27.259
30.495,67.864
1.46,0.309
22.933,0.01
0.948,0.399
5.327,0.022
0.0,0.075
5.734,3.067
1.105,0.089
0.072,0.012
47.387,32.201
1.682,1.891
0.172,0.005
0.218,0.0
4.934,1.346
9.242,0.004
0.285,0.0
248.194,0.038
0.09,0.0
109.071,62.716
5.757,5.49
13.689,7.524
5.431,5.666
0.0,0.0
0.0,0.0
0.551,0.0
8.301,28.489
18.711,79.328
5.449,26.879
23.439,24.642
0.853,0.007
4.275,0.059
17.022,20.96
13.872,15.495
6.23,4.019
0.0,0.0
0.058,0.01
2.692,0.331
7.962,7.767
0.215,0.0
29.67,9.723
13.457,16.936
4.983,6.709
4.421,0.959
20.125,21.307
9.667,14.632
0.008,0.0
0.056,0.013
0.019,0.007
2.156,10.344
15.303,6.403
31.177,24.628
11.095,8.638
8.842,10.961
10.75,8.186
0.037,0.01
0.0,0.0
0.063,0.012
2.273,1.676
0.232,0.0
14.495,8.553
1.851,0.006
6.221,2.829
0.072,0.091
0.0,0.0
1.081,0.01
1.29,3.343
0.0,0.0
39.842,34.777
2.926,4.937
8.731,4.304
0.216,0.0
37.807,15.168
61.8,51.428
6.831,4.784
50.377,44.007
5.88,2.597
12.207,34.029
0.088,3.696
0.0,0.0
3.175,2.267
4.912,3.389
11.324,2.88
19.013,13.546
13.757,14.736
28.519,17.223
9.434,10.318
5.631,13.665
0.341,0.0
34.032,0.583
0.0,0.01
14.073,7.035
3.992,14.7
0.0,0.0
8.163,13.41
4.294,1.251
0.0,0.013
10.447,5.224
5.874,6.465
0.01,0.0
99.527,114.171
2.074,1.684
5.799,3.013
0.024,0.032
1.324,0.628
1.187,0.006
6.66,2.394
33.928,22.13
1.976,2.319
1.916,0.025
0.016,0.0
3.705,6.326
9.852,10.305
19.709,19.982
0.027,0.0
5.465,5.227
75.981,55.521
19.443,71.776
16.653,24.467
9.542,0.669
0.867,0.005
0.0,0.0
9.85,3.222
1.07,0.081
1.19,1.225
57.642,63.438
112.931,162.612
1.957,0.329
18.243,23.961
19.115,28.629
18.834,18.125
10.048,9.016
18.195,25.593
24.156,29.402
13.915,26.098
26.088,30.639
16.656,26.143
54.623,10.037
7.697,3.603
22.142,11.734
7.291,5.342
6.54,58.017
0.687,0.716
8.506,4.791
0.124,0.004
16.887,16.369
48.763,12.815
0.0,0.0
13.087,7.095
0.0,0.0
20.677,11.117
10.402,9.378
14.463,18.885
0.297,0.001
6.89,9.483
5.229,11.488
8.784,5.742
13.271,11.528
10.012,12.721
9.95,16.753
16.264,11.84
6.002,6.357
0.015,0.0
0.173,0.036
15.69,40.408
1.02,0.005
11.828,16.441
0.123,0.0
7.864,0.107
0.159,0.176
15.192,16.704
5.083,0.0
1.964,6.359
0.019,0.0
0.01,0.0
8.74,10.046
8.523,5.197
1.08,0.042
9.289,9.368
0.976,244.61
71.32,68.522
9.201,0.155
1.549,19.584
5.742,4.675
3.945,0.839
17.728,12.107
0.017,0.0
0.12,0.0
8.918,19.364
36.311,26.573
0.0,0.039
0.157,0.0
10.245,1.408
46.624,21.423
0.184,0.0
8.987,4.247
8.803,8.092
0.725,0.316
11.922,12.514
0.02,0.0
1.666,1.984
77.174,104.536
5.176,3.324
21.256,18.683
12.505,14.37
6.49,2.113
19.072,18.106
4.38,0.492
18.738,13.601
6.811,25.434
24.605,15.234
1.781,0.058
0.249,0.0
15.134,17.816
0.113,0.0
4.414,2.317
5.815,0.05
6.521,9.492
10.79,7.712
0.037,0.018
0.21,19.003
0.489,0.698
1.709,2.27
14.13,20.386
6.238,1.765
0.256,3.102
11.729,10.476
32.135,33.752
16.617,27.181
0.0,0.0
7.123,6.325
0.0,0.0
62.411,70.482
9.969,0.288
9.981,0.125
6.085,5.882
15.721,19.752
26.843,27.065
12.418,8.776
0.228,0.035
6.788,10.052
10.117,40.184
7.075,1.909
1.323,0.158
0.73,3.881
87.224,56.015
7.108,0.951
8.621,4.447
15.042,28.2
2.739,6.576
1.51,9.793
4.999,0.01
0.518,14.515
1.276,0.831
0.102,0.0
9.027,5.813
7.722,3.315
16.339,11.172
3.926,2.381
2.026,1.822
37.832,65.699
0.285,0.632
0.135,0.0
8.795,63.085
59.781,70.875
0.017,0.069
0.0,0.0
1.248,0.0
0.015,0.0
10.128,11.353
12.917,5.913
43.417,25.75
9.8,10.328
35.571,23.791
0.0,0.0
1.078,0.772
14.741,6.978
28.34,16.538
2.529,0.0
0.0,0.0
2.728,0.0
0.259,21.644
11.433,1.647
25.371,14.189
0.02,0.0
26.152,18.424
67.624,128.096
2.231,2.041
14.239,7.8
5.773,29.994
1.094,0.017
0.354,0.127
7.337,29.606
0.03,0.487
7.606,5.923
2.697,6.027
12.327,11.802
0.572,5.678
0.983,0.01
26.158,19.527
0.0,0.0
0.25,0.132
1.727,0.202
0.214,0.0
23.801,13.458
12.694,6.869
0.083,0.026
0.0,0.0
0.04,0.0
23.102,11.627
42.37,26.78
13.586,5.092
3.356,3.375
1.242,0.0
0.652,0.0
21.407,11.99
12.596,10.209
8.096,0.297
18.877,40.479
5.413,21.559
219.862,152.194
13.531,5.46
24.441,18.701
2.228,0.034
105.78,169.187
1205.48,1182.29
2.274,0.05
4.189,0.29
19.649,5.118
17.928,12.793
67.116,41.314
9.294,12.723
5.646,0.549
0.922,0.275
0.095,0.0
0.273,0.0
0.217,0.009
0.388,0.007
2.045,2.573
0.269,0.023
0.034,0.0
88.331,350.488
0.654,66.868
0.49,0.0
0.0,0.02
0.0,0.0
0.0,0.0
0.037,0.0
2.513,2.101
0.178,0.0
9.689,2.963
0.016,0.0
0.254,0.061
7.169,3.845
20.971,28.815
3.094,3.765
3.064,2.835
2.557,3.985
6.796,8.536
23.064,17.804
0.439,0.067
1.878,1.274
2.551,0.066
0.705,0.01
13.232,6.444
7.079,0.863
7.316,0.0
1.222,0.079
18.264,16.476
0.316,0.004
0.099,0.0
0.717,0.119
0.064,0.03
13.051,22.484
0.292,0.003
0.14,0.176
0.155,0.004
0.186,0.551
0.211,0.027
0.497,0.0
0.023,0.104
21.462,31.193
14.534,12.422
0.272,0.243
0.0,0.0
101.992,126.97
6.527,6.137
8.475,6.674
4.208,3.833
26.642,21.917
0.742,0.497
8.971,6.178
39.149,60.846
2.34,1.991
0.191,0.014
7.612,10.055
20.16,4.964
0.037,0.015
1.215,0.287
5.662,2.446
18.509,90.06
11.306,10.674
1.495,2.641
8.155,14.522
11.601,10.175
376.155,2259.1
4.036,4.241
0.069,0.0
5.907,1.561
8.604,20.848
6.455,8.001
0.061,0.012
0.527,0.002
0.042,0.012
1.657,0.005
8.317,6.754
0.941,0.001
0.745,0.011
2.329,2.512
9.389,1.772
7.505,8.987
4.046,6.778
0.775,0.312
10.56,15.426
21.026,10.046
2.009,6.433
6.279,9.258
1.604,1.168
5.114,1.73
0.298,0.294
24.992,8.969
13.147,24.363
5.939,0.106
4.99,1.129
6.618,3.67
28.545,33.558
4.497,0.037
5.307,3.865
2.715,2.595
10.85,7.775
11.399,10.271
7.296,4.565
0.719,0.312
0.584,0.005
6.632,3.915
9.757,4.064
0.747,0.323
19.451,70.372
10.717,7.685
0.042,0.0
5.832,19.995
0.091,0.023
60.752,28.272
1.206,0.709
0.0,0.061
2.318,5.7
3.722,2.592
17.645,18.366
0.0,0.0
3.789,5.61
9.728,10.547
6.954,6.822
10.669,10.145
42.297,70.106
2.751,1.325
0.814,0.355
3.035,2.405
3.477,5.421
0.0,0.008
0.228,0.033
13.265,14.902
6.126,5.909
21.759,16.767
15.072,18.182
17.345,15.468
3.866,4.555
16.181,19.882
6.972,5.104
0.945,1.721
1.097,0.344
6.819,5.072
0.0,0.0
0.655,0.877
3.959,4.366
0.0,0.0
1.444,12.986
0.192,0.021
7.562,6.043
8.258,5.418
0.778,0.014
1.409,7.32
93.411,0.0
4.227,3.555
6.035,4.162
0.605,0.164
3.914,4.94
5.239,12.201
11.041,1.227
12.675,48.649
13.423,8.553
2.879,1.972
0.009,0.013
8.063,0.489
6.682,5.464
17.535,14.375
8.372,16.948
30.799,20.643
4.652,1.913
5.072,1.988
10.107,13.52
0.677,0.326
1.052,0.524
10.351,8.196
0.381,1.664
0.18,0.0
16.231,10.242
0.326,0.0
0.693,0.01
9.408,5.088
0.0,0.0
7.579,2.834
6.936,1.375
4.751,2.913
9.226,5.422
11.368,1.702
2.29,4.544
14.613,0.006
10.712,14.789
5.382,22.281
1.484,0.112
32.313,21.861
31.184,41.173
1.867,0.0
0.533,0.0
0.037,0.034
0.994,3.448
27.74,25.687
0.0,0.0
5.013,3.985
6.324,0.087
1.757,10.817
3.9,2.805
1.487,1.321
6.343,0.201
65.155,40.069
0.084,0.0
0.434,0.135
0.201,0.0
35.592,56.379
3.324,26.611
13.666,18.358
0.164,0.037
8.608,3.235
2.867,0.01
8.5,9.99
1.301,0.073
0.928,0.0
8.643,8.042
1.117,0.0
0.013,0.002
0.433,0.038
0.0,0.0
2.186,6.313
5.333,3.875
6.31,6.346
3.779,19.777
199.167,361.239
32.754,26.696
11.195,16.348
20.915,6.243
0.0,0.0
24.131,14.923
0.0,0.0
4.335,0.007
10.159,1.996
49.827,34.503
0.165,0.051
0.077,0.009
19.828,16.32
3.269,1.566
7.279,4.772
19.753,4.062
0.353,0.124
12.513,7.136
0.255,0.0
9.884,2.116
6.269,1.66
5.441,4.755
5.75,2.263
0.011,0.0
0.987,2.229
2.827,3.024
4.356,2.846
3.843,2.112
8.405,5.652
2.657,1.879
0.265,0.35
10.533,19.741
6.783,4.064
0.326,0.0
1.992,0.812
13.332,5.857
15.248,11.313
2.205,0.839
1.472,1.248
83.938,41.898
10.145,5.858
4.342,0.618
15.051,26.494
123.228,50.175
1.37,0.0
5.507,0.001
0.377,0.176
0.55,0.013
0.0,0.0
0.088,0.0
0.0,0.0
24.981,16.642
0.019,0.013
12.725,3.432
9.857,3.866
34.238,105.18
7.494,3.113
0.0,0.004
0.158,0.0
13.837,11.343
9.829,23.064
0.155,0.013
7.794,7.154
0.53,0.169
6.857,6.093
11.867,20.222
0.206,0.0
0.451,0.108
0.025,2.346
37.117,8.744
3.856,4.439
0.116,0.08
4.924,3.573
1.398,2.714
0.031,0.005
73.112,39.94
10.825,0.062
10.508,2.918
0.041,0.004
12.704,7.425
10.763,6.901
0.407,0.514
5.33,0.569
0.088,0.0
0.007,0.072
2.922,18.771
12.88,4.598
16.078,27.015
32.325,9.368
2.456,1.425
0.028,0.0
1.751,0.0
2.586,0.0
8.962,14.765
0.0,0.0
12.788,4.742
0.248,0.0
10.494,5.725
3.305,5.199
10.821,6.564
29.037,7.341
14.491,11.775
43.926,20.018
0.053,0.007
0.032,0.029
20.989,25.593
16.195,7.906
0.0,0.0
0.108,0.422
6.566,0.771
9.702,8.635
24.724,59.532
23.476,20.161
8.361,0.0
8.294,1.56
21.945,11.933
5.933,3.089
6.052,4.126
0.769,0.722
16.755,10.945
89.699,48.576
17.915,8.275
15.593,9.327
3.92,0.041
10.473,10.391
0.0,0.0
1.564,0.084
5.035,0.2
0.154,0.099
0.301,3.379
9.682,8.013
1.465,0.009
1.255,0.0
2.756,0.056
2.948,0.818
0.003,10.83
0.201,9.511
0.007,0.008
16.031,11.976
18.344,11.505
12.879,12.109
0.008,0.0
8.956,31.132
32.467,20.628
1.652,0.004
29.408,46.624
27.268,6.998
1.57,0.007
14.593,4.888
6.784,5.076
0.332,0.016
0.0,0.0
2.599,0.82
8.402,37.936
1.296,5.748
15.496,19.283
19.114,10.754
0.64,0.163
16.584,6.207
6.316,9.586
0.117,0.006
1.786,0.005
3.927,13.508
4.59,0.642
9.638,6.452
50.417,13.512
0.078,0.0
30.381,34.028
0.0,0.0
2.065,0.27
0.0,0.018
6.136,1.378
38.82,13.008
0.0,0.0
0.036,0.029
1.423,0.785
22.665,35.25
2.4,0.651
19.485,22.72
12.899,17.538
1.103,0.957
0.99,1.434
0.435,0.03
11.343,5.416
10.091,2.772
14.92,3.718
0.496,0.012
3.776,1.381
8.876,3.376
13.588,10.107
2.983,0.661
7.075,5.508
2.71,0.82
3.096,0.379
19.104,11.21
0.447,2.097
12.147,8.589
0.0,0.0
2.517,0.006
0.19,0.006
0.593,0.113
1.502,4.765
10.513,10.335
2.339,1.45
8.546,1.714
1.031,0.0
26.228,28.599
0.408,0.0
7.697,58.563
5.059,2.521
1.531,0.0
11.439,14.574
7.79,7.299
3.256,18.637
0.315,1.829
2.635,10.323
0.259,0.0
9.494,7.546
10.297,4.138
2.641,2.395
0.419,0.0
0.0,0.0
28.643,19.378
1.23,0.014
3.035,0.0
19.196,26.032
8.906,7.007
0.071,0.047
6.066,1.986
2.545,5.351
1.84,0.77
0.424,0.021
0.015,0.022
0.072,0.188
0.102,0.058
4.089,1.944
2.994,0.0
1.023,0.0
18.746,6.7
12.719,3.615
2.077,0.927
3.871,1.978
2.609,1.073
6.92,3.464
0.595,0.014
0.048,0.017
2.168,0.403
12.423,1.607
11.622,9.65
23.202,11.5
0.0,0.0
9.992,3.081
0.044,0.0
4.218,12.291
0.029,0.001
69.87,93.754
0.0,0.0
0.41,0.093
0.0,0.007
1.005,0.001
4.638,15.836
40.228,62.49
0.652,1.247
1.036,2.595
6.094,0.073
0.635,0.056
1.271,0.817
0.94,0.226
29.08,27.386
18.297,0.24
0.0,0.0
0.594,0.0
11.383,4.451
22.836,33.683
6.32,4.692
0.171,0.008
3.81,0.0
2.444,0.0
1.168,0.002
1.788,2.874
14.881,17.273
1.854,0.007
52.383,37.812
12.984,5.079
17.556,31.318
0.895,0.008
5.214,3.874
1.261,3.201
0.042,10.743
13.843,16.202
0.105,0.0
6.705,3.213
1.867,0.002
5.064,3.785
12.95,8.948
5.347,3.672
2.576,0.112
24.507,24.825
14.338,9.575
26.377,72.471
2.319,2.013
7.019,0.001
6.533,5.24
0.102,0.011
1.265,3.466
4.037,0.637
10.55,5.382
0.093,0.013
4.008,0.87
25.14,25.353
4.264,3.282
0.042,0.157
17.085,20.711
0.005,0.0
8.655,2.096
0.403,0.003
3.04,2.432
0.026,0.003
4.452,8.556
0.135,0.0
1.085,25.361
0.704,0.158
0.0,0.0
27.867,32.46
7.174,0.006
35.657,22.173
19.458,20.701
9.66,6.899
9.21,4.73
8.719,4.609
42.004,17.083
42.508,20.874
1.105,3.074
21.608,16.199
22.418,39.473
0.0,0.0
11.485,51.423
33.702,58.472
10.511,10.57
1.137,4.01
3.625,0.003
1.86,1.955
0.792,0.0
14.981,16.894
26.03,10.874
15.153,0.005
9.704,8.209
2.349,19.895
10.653,5.351
12.751,3.871
22.733,23.041
44.697,260.037
16.814,154.27
34.92,97.883
50.642,71.334
10.857,7.913
1.563,0.047
31.948,18.448
69.653,69.627
0.334,0.094
16.248,0.0
54.41,72.098
25.267,18.23
0.043,0.005
0.454,0.04
2.877,2.432
9.308,3.531
43.394,32.195
4.229,1.48
3.268,3.114
0.07,0.0
0.876,0.005
4.103,4.698
3.337,5.189
0.076,0.005
0.02,0.0
148.861,178.922
2.652,1.707
0.0,0.033
0.044,0.055
3.921,4.591
2.142,2.266
0.299,0.072
0.299,0.02
6.466,8.642
15.164,15.217
0.045,0.0
7.634,0.228
0.658,0.0
14.351,10.438
0.0,0.0
1.518,1.469
2.871,0.006
6.301,13.32
4.163,2.336
5.443,3.81
0.03,0.003
51.474,128.884
0.143,0.01
0.0,0.0
5.67,1.146
1.343,0.0
8.02,3.924
13.521,10.373
0.048,2.524
0.618,0.0
11.786,11.348
35.286,16.714
0.654,0.65
6.753,0.018
0.638,0.072
1.766,0.21
1.154,3.107
9.5,8.263
3.049,0.514
3.679,5.481
0.016,0.011
0.1,0.0
4.307,3.743
11.514,6.465
12.713,20.988
8.909,7.491
0.282,0.112
1.086,0.0
1.916,1.295
19.633,20.904
0.0,0.006
0.19,0.006
0.039,0.003
1.173,0.026
19.491,42.622
3.764,8.559
2.088,0.0
26.949,6.89
1.807,0.089
0.061,0.0
9.846,4.645
3.974,2.176
18.436,13.349
2.977,1.639
0.009,0.0
2.32,0.033
0.094,0.02
0.802,0.079
0.497,0.0
4.987,5.573
0.06,0.0
3.96,3.319
9.259,10.091
12.076,6.65
130.828,100.325
0.972,1.147
1.104,0.0
10.308,7.702
0.0,0.0
0.0,0.056
18.94,0.216
4.938,5.289
24.485,7.027
2.165,0.324
2.412,3.778
7.388,4.0
21.645,7.27
5.836,4.483
0.0,0.0
7.685,6.357
27.169,14.56
1.733,0.002
3.804,0.018
0.379,0.011
5.118,29.561
0.84,15.524
11.514,0.0
18.496,8.707
18.317,9.293
28.842,44.007
0.515,0.067
0.008,0.395
1.975,0.246
12.902,10.609
29.75,6.671
645.686,1118.22
1.127,0.144
1.102,0.181
48.849,59.794
7.906,11.525
13.271,4.436
12.225,84.319
0.007,0.0
0.025,0.403
0.0,0.0
23.626,29.688
29.143,61.598
11.43,14.124
28.453,7.986
40.515,99.155
4.516,0.725
7.34,7.613
12.279,5.278
0.361,0.009
0.719,0.431
9.584,10.037
20.011,21.678
5.553,17.982
11.936,5.294
1.046,0.0
4.399,1.48
8.442,7.552
29.262,12.85
4.447,8.184
10.0,7.336
9.349,4.638
30.227,3.707
28.268,3.945
2.903,3.685
17.677,14.619
32.298,42.332
11.269,1.459
0.0,0.0
0.032,0.0
0.004,0.0
3.748,0.0
9.854,8.906
4.904,3.939
5.455,5.658
0.147,0.004
1.859,0.213
5.202,1.838
30.559,15.368
11.398,8.214
87.655,41.725
10.484,6.49
10.525,11.807
0.0,0.0
17.375,16.151
0.168,0.015
30.158,49.98
3.645,2.906
37.966,52.261
0.0,0.0
0.809,0.326
6.475,9.545
0.322,0.0
0.02,0.019
0.053,0.0
17.631,15.562
5.927,4.027
10.992,3.41
2.198,4.742
0.0,0.0
0.797,0.0
3.405,0.0
1.155,26.273
10.722,5.468
13.668,19.384
11.611,24.491
10.642,23.276
0.082,0.0
6.767,3.455
1.523,1.952
26.409,7.814
0.064,0.0
10.865,15.931
62.921,207.415
7.471,5.337
18.923,10.449
5.546,0.087
0.731,0.07
0.389,0.058
8.901,10.554
0.015,0.0
0.252,0.037
0.557,0.309
14.226,15.985
15.071,5.901
4.932,2.772
0.017,0.0
0.387,0.782
4.904,22.298
0.774,0.056
5.903,0.0
2.459,0.0
0.046,0.081
4.623,4.063
1.007,0.674
0.763,0.031
9.244,10.888
67.018,54.306
1.827,0.348
15.155,38.459
10.397,9.212
0.312,0.067
4.095,5.552
8.678,20.052
8.453,10.195
15.671,12.707
0.05,0.02
0.199,19.007
1.675,0.06
19.024,14.688
10.464,0.058
0.545,0.14
54.135,145.336
13.39,15.529
1.607,0.233
11.402,0.0
5.812,12.157
6.474,8.892
17.003,15.078
0.474,0.67
18.395,28.258
3.821,5.707
0.074,0.006
10.188,4.386
0.186,0.005
0.272,0.035
5.188,1.451
6.983,5.636
0.014,0.026
0.103,0.062
30.736,24.54
0.201,0.012
3.888,3.408
4.932,5.564
11.953,12.11
17.362,22.887
3.231,0.158
10.34,6.935
3.526,0.004
0.069,0.01
12.874,7.445
18.062,21.709
15.059,5.121
8.082,7.08
0.0,0.0
0.092,0.004
5.703,6.462
13.049,15.387
25.333,35.739
1.43,0.029
24.933,10.416
2.43,0.0
12.16,14.389
12.729,17.505
6.377,7.581
3.729,2.342
0.185,0.216
6.853,9.717
2.501,0.174
0.037,0.002
14.153,12.434
1.458,0.0
0.317,1.77
5.202,2.448
1.319,2.421
6.001,3.322
0.065,0.028
3.713,2.933
2.08,18.871
10.733,15.283
15.342,0.024
19.992,0.449
17.949,61.124
0.178,0.004
7.31,5.615
0.55,43.575
5.663,5.437
7.628,7.854
11.788,11.227
1.557,1.486
19.959,0.586
4.404,3.791
2.848,5.98
62.986,59.639
23.313,12.383
0.52,0.187
2.877,1.181
3.85,22.733
1.187,0.56
33.166,0.005
4.53,1.509
24.077,8.067
5.778,20.473
3.686,0.377
1.837,2.051
0.584,1.648
5.287,0.774
0.753,1.455
24.803,8.187
8.652,4.743
9.763,19.907
6.94,1.881
51.539,3.216
0.559,0.107
0.04,0.008
45.179,35.401
0.302,0.008
6.589,3.606
0.446,0.684
8.035,10.048
29.995,26.614
3.163,4.012
2.873,0.0
9.851,5.764
1.748,0.0
6.376,4.591
4.067,0.0
0.043,0.048
2.414,0.0
0.0,0.0
0.223,0.251
0.226,0.105
0.067,0.405
23.503,21.599
1.761,0.003
33.241,15.495
6.381,9.666
0.032,0.009
6.29,1.281
1.101,0.213
0.42,0.28
17.839,0.0
48.579,25.592
37.29,22.671
14.626,14.709
7.116,4.009
1.187,0.0
18.263,19.481
0.106,0.018
2.314,1.67
219.059,427.19
10.402,3.232
0.043,0.0
3.976,3.104
24.034,29.044
15.315,3.558
26.983,63.955
0.351,0.007
0.21,0.155
23.632,96.331
22.542,12.595
0.0,0.027
8.492,3.051
10.051,11.233
17.825,26.432
9.946,5.546
1.908,0.637
2.014,0.342
0.524,0.027
0.01,0.0
13.139,302.262
8.806,27.004
20.573,17.477
11.568,0.714
2.299,0.171
11.643,12.772
30.527,54.665
0.267,0.022
0.551,0.137
436.1,0.0
7.812,14.972
3.205,0.919
0.0,0.0
29.741,23.951
0.052,0.0
8.775,1.576
14.259,11.485
5.991,4.127
26.053,5.068
24.846,13.3
27.481,15.963
46.039,53.147
21.498,15.533
7.64,3.01
19.095,3.874
10.56,7.638
0.027,0.002
25.668,52.708
29.233,7.584
45.915,24.143
26.039,15.535
11.628,1.006
7.61,66.431
21.185,11.227
0.103,0.013
18.474,40.242
0.0,0.0
8.181,0.015
0.016,0.0
0.054,0.013
34.995,46.211
11.249,3.765
31.159,66.075
2.958,3.671
12.958,13.326
1.237,0.008
3.464,1.865
10.003,12.034
25.785,0.013
0.36,0.015
23.689,127.472
7.9,6.106
3.156,1.228
0.06,0.0
0.519,0.053
9.118,8.594
17.832,14.175
0.261,0.0
1.785,0.0
6.94,10.235
0.081,0.0
0.117,0.0
4.425,8.154
37.481,37.022
246.364,83.166
0.35,0.051
0.036,0.073
70.187,109.665
9.366,34.016
51.245,81.323
21.822,35.342
0.136,0.271
137.005,152.076
0.399,0.069
29.692,38.947
0.013,0.0
43.507,40.418
14.066,2.559
0.063,0.003
17.41,27.399
2.536,1.028
11.54,7.358
0.153,0.025
0.0,0.0
7.156,9.98
36.091,46.847
18.836,12.443
0.019,0.0
0.051,0.0
0.086,0.029
0.055,0.311
3.793,0.021
14.226,17.558
1.208,0.184
19.313,21.611
61.698,44.495
27.899,29.918
0.224,0.002
0.269,0.012
2.122,0.113
0.298,0.278
0.084,0.0
24.53,31.061
5.748,0.03
7.391,10.173
23.669,16.924
0.301,0.0
1.968,0.114
3.782,2.453
43.693,215.925
0.084,0.0
1.403,0.179
11.272,0.054
1.868,0.53
0.0,0.0
0.82,0.345
3.071,7.026
18.693,15.921
82.407,54.008
22.063,40.091
0.32,8.309
16.736,3.822
1.331,1.063
11.607,10.55
1.54,1.108
6.379,1.396
0.656,0.622
0.38,0.062
1.064,0.97
10.675,8.818
1.891,0.016
0.045,0.015
18.276,19.943
0.32,0.0
150.701,259.263
24.487,30.865
6.351,1.593
4.491,3.088
3.811,5.302
16.825,15.383
3.38,6.452
11.287,9.432
25.949,25.721
13.262,11.343
17.756,4.547
0.815,0.018
0.399,0.317
54.79,37.598
2.388,0.215
15.908,4.985
32.777,19.921
0.888,0.1
2.947,0.137
5.98,1.375
4.984,0.0
0.104,0.0
196.762,0.026
4.099,0.067
1.368,0.0
0.215,0.117
3.302,2.02
2.947,0.33
10.238,14.877
22.14,31.762
4.621,6.686
23.643,10.918
18.839,7.983
2.491,0.0
1.081,4.128
31.225,20.7
16.917,29.942
67.379,80.41
86.321,131.922
15.835,10.893
13.254,4.696
8.233,9.936
1.662,0.187
30.753,26.748
2.981,2.925
0.025,0.0
4.489,0.984
3.471,3.534
3.818,0.74
17.07,17.376
12.322,13.274
6.167,0.016
17.433,3.026
32.315,80.785
12.043,27.745
18.241,11.992
9.616,3.5
10.025,5.452
7.793,12.903
10.554,1.007
10.595,18.491
1.193,0.231
1.657,0.0
2.169,1.056
6.109,1.781
6.886,23.678
0.0,0.0
3.836,0.88
0.083,0.019
9.487,3.251
13.427,5.41
10.707,20.751
0.04,0.08
0.05,0.003
6.819,3.621
11.692,21.207
38.63,31.589
5.308,7.986
20.94,15.941
22.98,25.994
18.41,1.758
0.371,0.037
5.674,0.178
0.822,1.336
0.383,0.175
0.164,0.0
2.437,0.0
9.653,17.687
15.718,35.514
16.098,26.05
5.638,3.141
2.765,3.835
0.108,0.003
3.122,3.427
12.581,14.464
4.58,7.625
46.051,25.24
10.027,0.004
14.478,0.093
22.3,19.933
0.01,0.002
15.809,17.243
14.784,22.403
69.052,284.842
5.789,6.692
58.864,63.317
3.414,12.437
25.795,10.514
0.274,0.181
19.911,10.855
8.308,14.238
61.926,241.718
11.84,15.19
6.769,3.358
27.329,11.648
8.959,1.665
35.131,24.174
10.047,15.298
70.05,214.792
0.0,0.0
13.092,11.839
8.756,7.75
1.424,0.005
29.426,22.575
0.259,0.0
34.841,13.669
17.422,11.703
8.769,4.904
0.105,0.0
5.973,1.116
0.053,0.0
12.08,0.038
18.226,0.504
0.067,0.005
0.349,0.014
49.406,57.922
0.01,0.0
0.007,0.013
4.524,6.685
87.671,43.128
7.254,4.744
15.277,11.201
87.203,134.839
21.641,17.486
18.736,7.273
0.163,0.049
13.075,8.738
12.206,7.491
2.964,0.484
15.202,5.356
3.199,0.096
8.087,2.57
8.003,4.902
0.0,0.0
5.511,1.047
5.836,2.413
50.593,29.193
43.085,51.235
8.99,3.381
0.19,0.0
8.337,6.466
0.333,0.127
3.728,1.109
0.051,0.009
34.431,38.965
1.165,0.051
101.268,33.54
0.351,0.151
61.311,32.832
0.801,0.045
38.546,13.952
104.351,175.581
11.346,16.617
10.354,22.257
2.412,4.967
3.867,17.013
6.003,3.532
3.021,4.213
0.021,0.0
5.348,2.447
0.0,0.0
1.803,0.122
15.277,82.611
3.561,0.493
0.162,0.018
6.345,4.543
1.162,0.001
0.147,0.003
11.866,14.046
21.611,38.469
11.002,11.757
21.436,19.797
13.235,10.104
150.725,110.709
2.383,0.91
10.455,4.29
3.976,0.058
0.0,0.0
1.383,0.0
1.806,0.0
1.575,0.959
0.036,0.074
0.189,0.006
0.473,0.0
15.911,8.739
0.0,0.0
44.729,60.929
6.036,2.077
19.96,8.007
0.022,0.0
2.524,2.498
0.0,0.033
0.0,0.0
1.431,1.846
38.5,23.826
0.177,0.007
40.824,41.825
16.186,35.689
0.309,0.012
7.072,0.659
7.998,3.269
11.194,36.901
4.156,6.192
0.152,0.0
35.853,28.451
0.0,0.0
15.079,9.85
2.403,0.067
83.052,8.525
0.0,0.073
0.0,0.016
3.012,0.312
23.527,26.349
0.114,0.016
12.514,10.023
0.573,0.004
0.043,2.116
4.658,3.786
14.875,43.842
17.586,11.714
0.085,0.0
95.211,51.908
0.57,0.0
24.91,0.0
2.985,3.105
41.302,51.24
6.684,13.635
379.453,929.259
0.031,0.005
17.979,25.735
16.013,16.84
0.339,0.0
11.259,3.679
40.916,32.828
4.91,0.951
0.022,0.0
0.343,0.0
31.471,21.935
8.984,0.006
0.169,0.0
18.063,4.805
26.002,23.715
7.069,5.731
11.02,6.15
0.379,0.0
1.365,0.667
31.471,23.466
30.331,14.23
5.044,0.294
8.48,4.677
8.276,8.501
1.947,0.844
10.032,17.637
5.815,5.678
6.915,10.209
2.168,0.145
6.055,0.064
0.683,0.058
36.445,25.244
20.843,13.941
12.245,5.856
8.034,6.668
19.494,8.563
25.072,24.954
1.956,0.111
13.39,0.004
13.152,9.366
40.189,25.069
17.761,9.685
29.674,11.865
4.436,6.741
1.09,0.018
0.029,0.0
0.131,0.203
4.007,0.003
55.787,22.37
1.413,0.06
0.006,0.0
14.086,22.887
8.381,7.13
0.136,0.0
10.762,8.895
26.382,6.771
0.652,2.912
0.057,0.112
5.681,3.593
0.0,0.004
0.192,0.0
12.465,9.406
27.189,1.298
11.884,12.542
3.515,0.043
11.754,28.191
4.586,0.023
3.912,3.667
0.611,0.278
54.494,37.71
25.76,28.289
23.552,35.048
6.681,6.361
0.04,0.012
15.907,9.404
1.475,0.229
0.015,0.0
10.461,75.486
0.106,0.0
0.909,0.417
1.466,0.681
3.174,0.073
9.863,4.953
5.889,0.0
11.813,15.751
0.135,0.013
34.056,1.303
25.844,5.424
26.08,58.237
7.159,5.298
92.96,25.779
25.255,23.368
0.155,0.032
4.673,2.19
0.811,0.0
44.66,44.261
5.931,0.019
0.204,0.113
0.037,0.004
3.495,0.324
7.604,0.024
6.414,1.752
5.056,0.45
0.0,0.0
0.31,0.01
0.766,1.274
0.019,0.0
5.868,8.154
5.205,4.96
11.972,5.545
10.777,7.977
30.712,10.259
45.695,32.978
3.699,0.792
9.475,2.638
0.018,0.0
0.302,0.165
0.0,0.0
11.726,10.203
0.97,0.0
10.492,26.02
0.02,0.016
2.078,0.58
11.599,1.448
7.669,0.819
0.199,0.339
8.589,5.257
0.046,2.268
3.185,0.236
4.325,1.16
1.08,0.002
12.675,6.073
0.378,0.0
0.823,0.0
5.049,0.338
0.332,0.0
6.84,3.926
3.814,0.002
8.77,5.467
9.18,9.002
12.908,8.969
63.45,84.126
2.282,0.019
0.163,0.044
11.028,3.99
2.829,0.0
10.412,0.107
0.074,0.0
0.0,0.0
36.713,21.053
5.708,2.916
55.125,178.21
27.302,25.811
57.423,79.295
14.037,8.203
1.088,0.0
1.586,0.021
1.117,0.733
0.015,0.0
0.012,0.02
1.357,0.83
4.009,28.161
0.041,0.0
0.0,0.0
11.879,3.341
0.0,0.0
7.478,0.634
8.742,13.552
3.331,0.847
0.04,0.014
0.485,0.004
27.404,40.403
4.572,0.052
13.2,18.015
0.291,0.073
5.991,1.152
15.541,3.368
5.776,4.81
11.349,3.662
0.03,0.003
0.192,0.223
21.549,13.208
8.855,4.195
7.654,5.3
0.214,0.008
0.0,0.0
12.819,0.004
2.23,0.007
1.528,0.0
8.668,11.47
0.004,0.0
35.26,43.572
0.027,0.066
0.022,0.066
8.88,2.196
0.079,0.046
0.0,0.002
27.862,100.221
0.547,0.32
18.623,9.595
3.547,3.489
2.407,1.212
9.011,12.121
3.901,3.248
0.708,0.143
0.37,0.0
0.968,0.042
0.497,0.006
0.081,0.0
13.053,12.508
29.677,23.416
2.015,1.087
14.081,10.122
1.269,0.284
7.73,12.696
16.054,5.207
0.547,2.643
1.022,0.0
0.013,0.0
1.61,0.725
0.431,0.003
1.475,0.168
10.849,7.784
7.75,7.036
6.592,1.74
3.885,0.11
0.0,0.0
7.934,4.036
3.041,0.389
8.896,9.717
9.41,5.085
3.742,15.519
5.516,3.905
58.977,27.188
0.235,0.0
8.855,3.056
1.696,0.081
0.029,0.0
0.495,0.0
2.186,2.318
8.81,12.52
0.614,8.44
1.93,0.001
0.052,0.0
0.245,0.0
0.129,1.019
1.919,0.018
0.003,0.008
2.935,1.01
0.0,0.0
15.559,8.706
0.0,0.0
9.762,25.395
4.728,2.302
0.0,0.0
0.018,0.012
16.646,8.276
4.162,1.228
6.363,0.946
5.818,0.172
3.813,3.872
1.019,0.19
0.0,0.0
0.456,0.0
6.497,3.064
10.858,7.31
0.779,0.234
17.704,10.761
11.403,16.103
14.374,11.817
21.701,22.786
10.702,8.312
6.524,20.788
526.497,2591.12
0.0,0.393
0.0,0.009
0.0,22.689
0.179,0.056
6.74,9.022
0.407,0.479
0.027,0.0
0.183,0.087
1.074,17.651
3.017,428.778
0.0,0.518
3.093,44.257
0.182,0.0
7.335,11.759
11.014,2.176
0.0,0.325
20.788,8.93
0.159,0.097
1.324,0.0
3.625,4.453
1.167,0.019
0.019,0.0
0.302,0.032
0.735,0.0
4.314,2.893
0.775,7.902
0.874,0.0
7.27,14.966
4.061,3.477
29.954,13.52
4.72,1.43
2.283,1.81
0.249,1.828
22.962,37.228
18.132,8.721
6.866,8.563
35.426,69.914
21.253,12.463
0.176,0.08
1.292,0.13
0.197,0.065
10.538,0.081
4.877,5.084
29.048,24.061
1.44,1.12
0.704,0.0
5.405,18.835
0.026,0.003
50.792,53.086
11.887,14.553
4.872,4.608
0.872,4.882
0.083,0.0
0.044,0.05
210.971,271.538
0.917,0.15
2.393,1.122
0.147,0.0
0.045,0.03
22.588,14.429
62.94,23.271
0.265,0.013
9.829,0.509
0.014,0.0
17.484,20.624
0.813,0.107
74.975,122.611
1.583,1.26
27.057,15.694
0.0,1.38
45.098,219.071
0.575,0.451
128.392,204.773
3.934,19.078
33.628,62.449
11.794,29.659
7.343,6.164
1.139,0.284
15.388,3.731
0.272,0.173
0.122,0.005
0.168,0.0
0.03,0.053
0.095,0.025
13.283,7.132
0.159,1.653
15.193,2.272
9.584,7.695
23.736,289.049
0.039,0.0
22.244,10.849
3.612,3.837
0.011,0.0
0.72,0.0
11.356,0.037
3.111,3.161
71.398,44.518
13.732,17.251
0.297,0.0
0.808,2.161
0.066,0.0
9.454,4.322
3.135,0.818
7.274,5.813
20.026,12.147
5.16,3.358
2.289,0.0
18.646,21.975
0.0,0.0
0.0,0.214
33.472,30.605
0.743,0.058
0.113,0.023
3.604,6.566
2.21,0.0
19.297,0.0
1.992,0.116
1.153,0.67
83.772,122.291
0.76,0.0
0.146,0.006
18.297,8.981
17.583,7.982
0.034,0.007
3.598,4.727
9.428,5.201
5.237,2.081
1.79,0.949
0.463,0.0
0.303,0.0
2.633,19.771
3.548,7.32
8.09,6.109
5.998,14.648
0.041,0.0
563.867,0.009
0.0,0.0
1.415,1.379
51.144,27.943
6.913,4.329
19.935,11.069
2.466,9.482
1.968,0.145
2.823,2.122
0.027,0.028
0.025,0.0
35.252,24.516
11.101,23.551
21.051,8.532
20.314,0.135
1.677,0.242
0.036,0.0
5.468,9.699
15.468,4.091
8.835,11.932
5.494,5.066
0.127,0.004
1.097,2.197
3.879,0.913
3.618,12.158
1.025,4.477
6.613,5.101
10.217,5.555
2.689,0.741
0.0,0.004
6.872,1.571
24.535,11.524
15.849,15.027
10.881,2.467
3.962,4.354
0.136,1.674
0.0,1.984
0.071,0.0
2.425,3.198
8.986,13.752
5.225,4.013
0.01,0.003
0.008,0.013
0.0,0.0
17.652,13.446
19.713,7.556
0.421,0.0
25.953,12.822
8.83,18.07
5.528,5.806
0.015,0.0
0.099,0.0
5.533,0.259
7.922,7.436
8.433,5.416
0.378,0.956
14.71,18.299
15.208,7.53
11.386,3.092
0.008,0.644
28.617,27.581
10.829,31.695
5.529,135.938
4.188,5.102
0.071,0.012
5.588,2.103
5.858,6.037
8.109,0.016
0.033,0.0
0.123,0.028
10.11,20.014
0.0,0.002
10.18,3.894
7.082,5.896
0.91,0.069
5.251,13.229
5.56,4.921
11.285,17.075
14.422,18.773
0.679,0.0
6.682,14.552
22.058,12.324
9.172,7.0
0.426,0.651
23.892,37.018
2.63,0.044
0.05,0.012
6.686,0.948
0.53,0.19
5.706,7.026
109.408,186.883
11.185,4.339
0.184,0.014
5.779,4.141
0.0,0.0
0.013,0.141
24.461,8.163
27.982,30.338
82.84,105.932
13.74,50.463
7.465,10.372
3.785,3.935
52.986,28.901
12.707,9.39
3.802,2.875
15.351,10.461
3.397,16.056
60.357,56.808
16.39,25.535
0.248,0.0
1.155,0.001
11.979,7.667
21.557,2.307
10.574,4.234
8.519,1.662
0.0,0.031
31.663,0.7
0.249,0.245
3.886,5.229
0.387,0.083
4.006,4.618
4.811,4.091
7.201,5.732
22.398,13.94
2.407,10.344
24.017,47.604
5.644,2.688
182.167,271.559
0.083,0.004
0.242,0.043
6.58,4.944
7.988,5.762
26.037,6.562
15.712,11.137
0.058,5.662
7.863,4.611
0.085,0.004
12.141,36.846
7.53,27.627
6.735,10.149
45.487,46.654
10.633,1.513
0.526,0.016
30.081,87.047
1.574,1.221
11.671,11.972
6.654,12.539
4.812,3.066
5.872,0.972
2.148,0.019
3.899,8.154
2.967,23.189
5.138,7.531
8.185,13.905
0.357,0.016
8.865,135.156
12.598,19.42
4.531,2.299
0.466,0.0
26.915,42.323
0.469,0.014
52.814,47.826
2.176,15.764
1.169,0.002
109.61,29.455
25.532,7.951
0.066,0.007
0.0,0.0
47.031,32.387
159.899,194.1
0.228,0.019
0.001,0.0
1.785,3.133
0.526,0.174
6.726,6.837
6.921,1.644
1.453,0.029
0.005,0.011
0.0,0.01
1.428,1.461
4.66,5.45
1.912,0.01
0.0,0.0
14.533,11.621
0.519,0.381
0.894,11.937
8.887,9.032
15.315,10.156
2.884,0.311
5.212,4.791
31.106,32.251
11.278,13.586
7.862,3.171
9.189,11.446
3.68,3.741
9.865,98.757
9.252,8.573
6.82,0.0
1.675,0.07
5.214,1.62
4.763,3.339
15.683,18.593
0.136,0.082
6.825,1.617
0.339,0.0
14.88,7.092
0.838,0.127
1.395,0.002
12.366,8.453
21.351,14.331
6.818,0.927
7.042,0.013
6.3,1.376
0.421,0.226
22.456,13.149
1.101,0.712
15.12,16.591
6.418,65.879
14.138,9.301
8.966,11.305
0.33,0.0
37.271,35.654
0.64,0.0
0.823,0.0
0.0,0.001
5.454,0.011
9.814,11.688
0.062,0.013
4.977,5.35
39.796,0.084
14.109,17.558
1.479,1.981
0.0,0.0
5.445,8.632
0.046,0.011
0.036,0.021
18.041,17.343
6.195,4.358
11.736,6.043
14.422,23.004
0.395,0.166
0.034,0.02
14.268,9.319
0.0,0.0
0.0,0.0
8.596,4.08
17.556,9.579
2.068,0.0
8.423,4.417
21.769,14.48
0.0,0.016
7.01,8.431
0.934,2.522
0.303,0.327
70.982,38.882
14.023,14.515
2.404,0.002
0.0,0.0
13.478,13.238
9.345,3.973
0.095,0.0
0.013,0.031
0.177,0.007
0.0,0.0
0.22,6.24
17.335,20.945
9.802,5.187
0.438,0.19
88.243,67.884
3.695,0.282
0.109,0.0
10.675,6.947
0.554,0.072
3.766,0.782
1.813,0.011
0.811,0.0
0.477,0.0
73.483,17.328
0.022,0.097
0.0,0.0
2.324,0.526
3.036,14.772
20.522,23.301
0.019,0.054
1.167,6.243
0.0,0.0
0.28,0.0
7.288,5.479
0.0,0.0
9.004,10.046
0.0,0.0
0.222,2.017
0.108,0.0
0.643,9.037
0.902,0.004
0.138,0.0
13.963,13.97
2.552,2.929
13.154,21.454
29.865,14.124
0.027,0.009
5.641,7.485
6.286,6.523
0.186,0.0
0.401,0.0
9.618,12.989
0.011,0.0
7.64,3.927
0.593,0.088
13.592,7.427
13.68,8.179
69.191,58.931
18.676,12.251
0.828,0.009
7.112,7.158
6.521,0.437
0.236,0.048
13.33,4.935
13.677,0.598
0.0,0.0
8.659,16.661
23.87,15.984
1.803,0.133
7.956,4.417
2.716,0.022
4.164,0.753
0.602,0.837
0.083,0.022
24.209,0.466
5.227,0.055
6.261,29.883
0.543,0.003
0.586,0.051
46.196,0.216
0.072,0.002
3.766,15.97
0.213,0.011
0.703,0.0
33.652,13.402
9.032,8.47
0.023,0.0
86.184,164.002
0.239,0.0
6.517,2.888
13.195,1.024
0.997,0.975
0.063,0.04
0.226,0.969
0.841,0.0
7.894,4.823
80.036,30.974
0.578,0.0
13.244,6.735
29.545,0.057
1.668,0.149
0.73,0.171
1.95,0.0
0.0,0.004
0.062,0.57
8.717,10.917
10.054,5.174
0.0,0.0
16.569,15.455
0.0,0.0
0.0,0.0
9.479,4.803
0.855,0.153
22.767,25.968
9.38,4.861
0.228,0.199
3.923,0.651
3.228,1.09
0.0,0.0
3.19,2.503
2.316,0.047
0.0,0.0
9.499,8.753
0.179,0.13
34.46,13.832
11.493,13.504
32.34,12.815
0.0,0.001
35.076,23.502
45.157,18.069
10.514,4.979
0.458,0.0
10.778,13.396
9.199,26.753
10.557,8.977
61.518,41.205
3.13,1.263
177.419,143.676
1.894,0.004
18.827,30.324
10.759,0.133
16.985,17.586
15.496,11.334
0.031,0.0
6.983,6.773
9.988,6.757
11.557,9.052
1.855,0.003
5.312,2.993
5.711,19.455
2.672,1.352
19.276,18.29
16.478,30.924
13.994,9.575
0.158,0.034
13.963,7.639
6.858,8.702
13.153,40.333
9.991,4.061
30.723,4.963
0.425,0.145
22.145,50.157
0.044,0.0
2.918,4.348
1.153,0.283
5.735,5.857
17.723,5.34
0.571,4.715
11.053,7.281
0.0,0.0
7.0,7.094
1.058,0.002
0.042,0.0
1.035,0.009
1.687,11.023
0.0,0.0
0.185,0.203
0.031,0.006
0.041,0.017
14.377,0.151
11.182,10.37
10.618,8.583
0.99,0.854
3.117,0.062
1.253,0.658
8.248,1.414
144.077,119.726
0.005,0.0
1.187,1.031
0.063,0.632
0.0,0.0
7.606,4.113
16.205,0.118
3.038,2.573
11.416,9.037
0.012,0.0
12.58,0.021
21.793,13.456
5.936,7.371
41.849,47.451
0.088,0.01
0.074,0.064
4.755,0.324
0.161,0.0
0.214,0.088
0.114,0.0
0.229,0.019
7.23,6.218
0.15,0.068
0.0,0.027
0.0,0.0
11.272,3.435
31.288,0.006
8.374,8.92
8.557,19.541
4.974,0.007
4.365,1.388
13.974,4.819
1.402,0.005
0.695,0.457
30.669,27.517
0.354,0.007
22.991,36.967
18.3,24.262
4.317,2.603
84.731,201.748
7.477,13.28
81.219,129.097
5.965,2.926
1.49,0.0
23.24,29.945
0.028,0.009
3.468,2.222
9.078,8.478
0.657,0.017
0.083,0.0
2.347,0.774
13.117,0.0
7.626,6.352
3.664,3.584
0.0,0.0
0.094,0.004
0.179,0.0
0.0,0.0
1.017,2.905
45.142,31.513
0.445,309.206
10.266,3.734
6.048,8.051
0.434,0.0
31.809,8.829
26.473,19.462
13.455,5.677
11.717,1.596
2.746,1.7
5.945,0.036
1.917,0.02
0.046,0.005
46.906,26.584
0.743,0.0
0.857,0.0
0.727,136.528
13.727,21.019
14.189,33.601
5.619,0.098
16.896,11.308
13.676,7.676
8.726,6.52
10.717,4.765
2.177,0.061
12.418,9.821
8.185,6.36
13.233,98.105
0.423,0.0
1.728,0.537
18.795,2.769
17.822,9.894
0.427,0.414
11.442,5.077
12.181,10.972
62.904,131.956
8.32,15.726
1.352,1.863
0.034,0.159
0.464,0.116
0.043,0.008
0.063,0.0
1.593,0.006
6.062,7.616
0.0,0.02
0.059,0.0
6.111,0.006
2.799,0.24
0.016,0.0
22.811,25.663
0.875,0.039
0.032,0.0
0.0,0.0
2.038,0.358
92.097,122.66
8.449,8.551
7.191,4.282
0.902,0.0
51.878,39.472
0.065,0.0
14.969,10.299
0.12,0.0
8.408,18.553
8.421,3.924
0.115,0.0
9.132,10.01
22.73,13.932
5.151,3.456
8.159,10.31
90.098,73.986
4.762,7.642
103.904,131.288
0.011,0.0
10.952,2.773
0.192,0.0
19.175,29.093
34.673,22.757
0.013,0.0
0.372,0.237
2.446,2.979
7.972,7.724
4.556,0.0
65.125,32.736
4.643,6.685
13.662,0.207
20.322,23.214
1.547,0.061
1.497,0.503
79.899,83.02
23.559,10.447
4.542,3.637
3.275,0.117
0.0,0.0
6.374,4.56
11.635,12.004
19.184,18.32
0.096,0.097
7.323,0.677
0.0,22.962
13.788,3.67
41.25,18.465
9.487,10.2
0.008,0.0
7.5,7.402
0.142,0.054
0.851,0.014
3.142,3.271
0.128,0.324
14.912,23.283
11.195,1.475
4.54,0.045
12.926,11.19
0.0,0.0
0.0,0.027
5.649,7.416
1.091,0.528
3.938,1.66
1.322,1.067
1.898,0.575
9.461,27.448
0.086,0.962
12.534,12.014
1.71,1.231
6.812,6.776
0.062,0.002
5.983,11.826
18.291,26.421
7.648,6.928
13.864,28.24
61.724,97.504
0.186,0.045
0.808,0.275
3.291,4.181
23.469,17.866
0.172,0.047
16.766,8.076
5.435,7.439
0.749,0.101
0.019,0.003
2.883,7.257
0.0,0.0
0.017,0.004
0.016,0.008
0.0,0.0
7.704,3.961
0.0,0.012
0.492,0.0
9.982,6.878
18.007,3.819
6.729,2.392
5.246,3.401
0.061,0.0
0.743,0.0
21.512,6.756
5.749,2.538
7.145,5.72
14.284,52.556
37.554,441.912
1.37,0.0
14.333,5.829
1.83,1.87
3.478,0.003
9.968,5.989
0.0,0.0
5.637,10.264
19.73,4.407
0.0,0.0
0.082,0.005
1.204,0.0
0.324,0.755
1.935,0.909
0.14,0.0
0.0,0.024
26.242,29.452
1.674,0.005
13.13,6.401
16.22,16.82
6.45,14.213
9.742,12.089
37.704,52.99
9.699,11.038
0.1,0.0
11.183,114.22
19.636,1.739
0.2,0.0
0.0,0.0
0.756,0.273
2.386,0.007
0.055,0.003
0.0,0.0
29.693,17.401
96.783,1.47
7.959,8.534
6.337,7.76
6.366,5.768
12.921,8.815
6.225,14.091
5.344,8.209
52.777,34.13
0.266,0.005
4.113,3.902
7.945,24.532
1.68,2.571
75.165,107.181
8.091,14.519
27.372,17.059
1.819,0.001
0.0,0.0
0.0,0.0
10.792,23.296
7.286,9.013
63.187,99.376
36.524,19.404
23.256,18.641
0.132,0.197
21.476,52.715
0.054,0.097
24.549,14.57
6.452,5.162
0.774,0.335
2.096,1.555
1.506,0.564
11.126,6.258
0.193,0.027
9.899,14.734
7.601,7.892
11.99,0.016
4.765,13.83
2.659,0.171
31.978,25.54
24.689,11.799
5.072,2.083
0.06,0.004
2.283,1.438
0.233,0.086
31.314,20.3
0.0,0.0
36.932,84.289
12.629,11.627
65.612,40.697
5.149,0.062
0.846,0.109
2.253,0.44
34.617,27.786
5.718,3.68
1.507,0.084
0.0,0.0
4.875,3.947
0.023,0.016
0.0,0.0
0.109,0.0
2.857,5.481
2.56,0.449
1.295,0.0
0.944,1.535
0.455,41.095
8.235,4.762
3.891,21.055
8.264,0.753
0.47,0.227
0.578,0.0
13.249,18.306
1.062,0.007
29.313,0.0
1.887,0.0
1.035,0.004
3.674,2.314
3.084,1.366
9.195,5.923
3.524,6.923
3.656,0.176
0.441,0.006
7.908,0.008
22.236,13.572
9.411,17.642
19.249,25.984
2.072,1.087
22.22,15.208
19.203,6.178
5.755,8.932
19.102,14.258
47.522,0.007
14.008,8.655
14.727,5.723
12.171,0.003
31.706,25.37
8.892,8.622
84.35,81.99
0.0,0.0
1.555,0.1
0.0,0.0
12.105,4.843
0.186,0.0
6.884,6.692
9.284,3.75
0.073,13.349
0.69,0.202
6.396,8.894
40.273,87.569
0.126,0.0
35.103,10.366
0.0,0.0
0.041,0.0
8.542,4.381
0.553,0.156
22.82,38.474
31.962,3.355
0.283,0.324
0.575,1.139
92.139,131.013
0.005,0.006
279.067,230.098
0.03,0.0
19.737,109.753
0.034,0.011
0.424,0.069
4.711,0.453
0.049,8.623
0.197,0.001
98.037,70.409
1.024,0.152
17.78,10.809
1.951,1.678
2.243,0.739
253.965,235.739
13.371,7.508
17.416,7.251
0.45,0.0
22.842,34.806
0.193,0.377
25.773,35.737
0.0,0.007
7.393,28.014
1.404,0.715
8.502,5.157
20.595,6.449
9.525,5.118
11.72,9.132
1.596,0.016
247.781,354.552
0.272,0.035
32.554,14.419
0.0,0.0
11.238,9.874
50.857,18.854
4.45,1.465
3.558,0.165
0.368,0.067
3.84,2.935
13.352,5.28
1.741,0.025
21.033,0.915
0.173,1.041
15.46,0.042
9.513,5.243
1.386,0.835
0.153,0.134
5.027,2.292
32.788,43.909
40.874,15.805
121.948,107.625
17.435,9.26
0.0,0.0
6.578,4.88
0.0,0.0
2.653,0.0
0.429,0.019
0.054,0.0
26.357,11.53
0.0,0.0
19.027,25.669
20.979,21.657
21.577,66.742
34.28,36.585
7.932,6.349
0.844,3.568
9.645,8.331
19.036,70.192
6.824,6.574
128.592,120.979
0.199,0.13
8.131,1.369
0.366,0.046
0.846,0.104
26.132,9.919
0.0,0.0
0.059,0.0
0.012,0.0
0.0,0.0
12.739,5.092
14.751,23.288
0.113,0.0
0.0,0.0
15.782,10.309
0.0,0.0
0.0,0.0
0.558,0.0
6.055,1.222
14.421,3.344
6.762,5.805
15.707,8.848
2.069,8.471
0.025,0.0
34.914,60.965
22.608,2.2
7.159,4.108
133.987,89.048
56.014,28.657
0.339,0.0
0.0,0.0
4.826,1.807
0.181,0.007
0.122,0.0
1.642,5.878
3.967,4.851
0.128,0.009
0.082,0.041
8.716,10.925
0.428,0.004
68.222,127.387
63.151,50.332
0.01,0.021
0.0,0.0
0.786,0.012
5.656,1.802
0.079,0.0
1.743,0.322
21.498,6.339
7.127,7.305
15.748,10.78
17.87,23.374
15.564,12.654
20.103,33.288
31.882,22.831
16.944,22.135
17.57,17.202
0.892,2.26
22.025,25.558
0.0,0.0
0.0,0.0
9.453,0.0
3.499,0.645
1.586,0.46
23.286,8.541
0.26,0.003
15.582,2.903
3.232,0.719
8.443,3.589
9.093,0.12
30.63,76.124
0.0,0.0
0.116,0.0
12.914,21.179
5.87,6.815
0.271,0.198
0.475,0.0
0.014,0.0
1.084,0.292
18.12,4.006
0.023,0.0
6.81,3.603
0.0,0.0
412.153,0.006
10.052,5.448
16.508,14.566
0.348,0.0
11.414,18.089
14.845,22.769
7.847,2.261
0.357,0.0
51.066,49.318
52.075,0.0
19.259,8.372
13.868,7.143
2.147,4.533
0.694,0.013
40.228,20.018
13.239,22.663
44.76,65.434
0.0,0.0
3.844,3.632
0.0,0.0
1.342,0.011
0.0,0.0
6.408,0.073
6.267,0.072
4.609,2.859
6.938,6.972
3.5,2.143
1.521,3.392
4.281,1.112
4.981,2.397
5.679,5.228
7.421,2.983
48.281,44.107
0.101,0.0
0.275,0.0
1.891,0.0
14.695,13.573
0.026,0.0
278.178,403.092
62.57,108.01
296.7,236.032
57.864,14.877
7.344,0.0
0.191,0.037
5.988,2.587
29.79,21.79
42.708,120.064
79.723,11.155
17.012,27.135
31.893,9.882
5.365,4.137
10.802,3.968
2.58,0.227
2.564,2.615
0.0,0.0
5.773,4.661
15.847,7.207
29.555,17.108
12.3,3.497
3.568,1.658
3.085,1.653
84.76,554.957
310.985,856.887
2.262,0.302
2.798,0.479
1.739,1.681
11.375,19.362
11.679,4.036
10.639,28.21
0.0,0.0
1.0,0.107
10.586,5.068
12.592,0.516
46.637,59.038
3.564,2.4
4.65,2.646
0.06,0.0
4.309,0.0
1.287,0.002
55.087,18.308
2.673,8.272
0.079,0.0
6.807,0.043
5.88,9.262
1.686,0.523
0.0,0.0
0.391,0.0
35.603,26.491
1.396,0.837
3.766,3.306
50.252,299.315
28.912,222.536
29.732,14.656
3.738,0.526
3.132,0.693
0.811,0.0
0.332,0.042
19.728,28.904
1493.05,1206.07
1.619,0.0
28.337,25.849
36.888,51.88
28.953,21.088
0.312,3.118
14.433,0.15
20.39,9.997
11.933,80.036
19.145,62.845
23.846,24.662
14.722,18.061
0.576,0.054
17.328,8.375
9.087,10.914
5.692,1.948
51.731,10.3
6.849,5.591
5.597,11.406
30.214,16.206
0.366,0.948
7.344,3.078
8.406,12.554
0.153,1.798
0.112,8.458
93.442,110.604
2.085,0.198
0.016,0.022
0.13,0.0
0.083,1078.93
3.324,31.571
11.821,1.096
0.885,0.348
0.455,0.24
16.903,8.977
28.911,1.188
0.078,0.0
0.04,0.0
33.845,61.658
12.272,0.083
13.513,537.303
85.981,65.459
92.425,42.789
14.168,26.475
29.762,234.024
4.669,0.23
9.02,1.429
0.0,0.0
44.036,41.181
42.683,23.521
14.242,2.145
0.829,0.0
7.166,8.881
161.293,147.213
0.0,0.0
0.0,0.0
5.445,4.304
15.493,8.424
0.227,0.01
3.215,0.0
0.011,0.0
5.151,0.278
37.472,42.619
137.494,111.428
2.316,0.193
3.407,0.35
50.008,55.495
7.425,1.46
9.508,0.012
96.139,114.604
4.172,2.444
0.013,0.0
0.0,8.127
0.0,0.012
7.896,6.891
13.692,6.275
37.483,12.782
0.066,0.006
0.064,0.0
45.45,36.996
6.19,0.543
43.446,53.044
18.865,15.298
1.954,0.272
42.612,29.284
0.0,0.027
2.052,0.129
6.741,0.252
23.937,37.7
178.001,41.77
1.825,2.183
0.603,0.005
20.041,24.003
36.015,55.052
13.427,6.309
6.938,0.142
7.636,0.803
0.612,0.061
1126.97,663.845
24.98,21.638
40.144,54.711
68.558,336.58
0.099,0.0
24.99,10.308
6.59,2.601
5.2,3.344
2.576,0.088
0.923,0.433
0.07,1.35
100.223,166.139
1.105,0.609
22.561,50.209
19.033,10.031
0.765,0.218
17.385,18.67
1.762,0.511
0.127,0.0
82.7,31.01
11.191,4.706
0.247,0.003
2.262,0.512
21.602,23.284
36.138,20.397
0.126,0.0
0.546,0.0
58.463,68.282
27.952,37.329
5.137,4.677
12.168,20.771
6.878,2.573
16.146,10.839
0.131,0.495
0.0,0.0
0.58,0.039
28.015,16.87
23.732,2.108
1.901,12.585
0.0,0.0
2.286,0.771
0.033,0.169
51.898,82.311
7.57,8.516
63.87,54.345
147.017,448.831
32.432,11.192
16.454,7.566
4.325,3.685
0.014,0.0
3.591,5.826
3.721,3.772
0.898,2.741
10.138,0.1
13.678,9.288
15.991,7.812
18.742,16.659
47.391,24.703
0.104,0.045
0.0,0.0
72.698,28.912
0.07,0.0
52.938,32.023
0.363,0.013
6.927,2.203
9.92,5.855
24.303,10.669
2.127,0.012
17.979,28.113
19.874,11.864
28.827,24.447
61.075,47.692
16.269,16.34
7.954,5.654
16.147,12.044
8.393,2.788
4.411,2.115
49.535,29.14
2.402,0.201
0.417,0.003
11.468,16.997
0.028,0.002
9.146,0.0
1.521,0.0
0.067,0.0
0.064,0.0
2.732,0.251
0.05,0.005
0.0,0.0
89.977,120.57
70.947,82.168
4.283,2.069
1.884,25.107
27.842,24.894
11.546,18.23
6.052,3.637
18.928,18.156
0.475,11.456
8.963,10.535
1.452,0.15
39.224,32.273
0.082,0.131
0.267,0.0
5.762,0.007
0.245,0.016
18.431,15.699
8.815,6.327
77.704,84.954
4.327,0.372
2.962,15.196
0.162,0.066
26.806,18.814
30.257,46.075
1.305,0.01
2.511,0.047
0.067,0.0
11.493,29.627
144.516,17.093
0.531,0.259
0.316,0.058
18.726,15.863
50.98,59.189
4.875,21.521
4.119,4.157
1.626,0.021
0.323,0.0
0.0,0.0
6.395,2.474
10.758,9.81
25.087,454.529
0.192,0.0
9.794,11.211
0.057,0.0
2.089,0.041
0.114,0.0
11.232,6.059
9.999,8.821
13.422,3.484
12.253,13.044
10.367,65.127
0.0,0.0
0.513,0.075
18.474,20.362
0.0,0.0
11.536,6.01
38.972,39.838
8.547,4.498
7.954,7.42
25.071,59.505
0.011,0.0
2.408,0.727
0.008,0.029
0.07,0.0
8.617,0.024
241.493,399.53
0.01,0.031
2.236,2.154
1.341,0.0
13.238,28.757
2.261,0.0
0.611,0.0
2.289,8.601
1.902,2.708
38.671,47.161
0.073,0.016
0.055,0.141
54.857,56.292
11.726,5.123
19.011,4.555
1.833,0.0
0.006,0.0
0.16,0.0
7.657,0.007
0.022,0.0
16.113,3.153
12.849,4.053
6.846,0.281
2.576,3.653
1.488,0.0
5.659,5.652
2.808,0.029
4.157,8.63
5.202,16.834
0.0,0.0
6.036,6.669
10.942,8.929
52.741,56.149
6.67,3.356
6.693,11.494
9.134,10.735
0.348,0.323
6.686,4.424
6.5,4.937
2.43,12.602
2.087,1.935
10.887,7.031
0.0,0.0
0.037,0.0
0.317,0.0
31.121,35.718
3.017,0.0
0.0,0.0
6.763,3.103
0.01,0.0
29.453,28.021
10.984,14.909
16.002,4.074
8.488,5.969
53.598,77.067
13.767,4.311
0.0,0.0
1.788,2.916
109.519,166.949
0.086,0.085
1.723,0.384
4.553,2.625
3.579,1.569
6.191,15.428
14.939,21.729
0.041,0.0
0.0,0.0
0.0,0.033
21.071,17.984
15.45,25.436
0.341,0.486
7.183,5.77
1.935,0.031
0.0,0.0
13.812,8.532
0.032,0.003
2.52,0.118
6.123,6.287
1.96,0.183
13.789,9.51
1.765,0.0
0.027,0.0
6.415,3.291
18.85,28.733
11.283,11.558
78.481,63.008
85.351,139.46
0.084,0.0
0.575,0.0
45.819,71.437
0.04,166.115
70.841,21.832
9.22,45.35
7.75,3.564
0.203,0.0
15.432,8.256
0.054,0.0
0.108,0.107
2.863,0.02
1.749,0.003
6.609,4.764
0.558,0.043
2.599,2.105
8.335,6.585
287.071,382.268
19.283,9.513
1.316,0.014
8.295,17.145
1.323,0.277
0.659,0.004
1.569,25.907
6.431,4.71
23.466,6.93
16.724,6.325
0.0,0.0
4.896,6.113
1.427,0.026
11.113,40.988
62.91,102.458
0.0,0.0
7.245,3.364
21.246,32.672
53.621,43.757
2.491,1.691
0.08,0.004
31.996,4.217
0.0,0.0
5.909,1.534
0.0,0.0
25.68,28.268
0.014,0.002
6.516,4.158
17.359,13.231
69.605,104.635
0.15,0.0
16.923,11.017
96.547,138.822
5.984,5.642
2.641,1.865
29.839,34.469
22.99,13.707
0.198,0.124
43.304,6.349
0.379,4.347
0.113,0.031
6.641,3.947
28.113,17.786
1.57,16.938
4.693,2.699
6.02,4.155
0.366,0.0
0.023,0.011
0.228,0.003
0.56,0.007
16.356,20.316
2.643,0.007
0.123,0.058
0.0,0.0
0.177,0.0
0.0,0.0
1.017,0.056
0.422,0.0
0.0,0.0
0.118,0.0
13.144,11.819
15.036,13.786
3.315,2.485
23.451,15.744
5.775,3.749
0.0,0.0
1.242,0.0
0.0,0.0
11.355,11.488
0.046,0.003
1.011,23.094
18.114,34.468
28.531,0.0
5.296,0.025
0.174,0.0
22.239,3.21
1.722,0.281
0.134,6.034
0.077,0.296
34.266,1.236
6.533,0.145
21.37,14.817
0.242,108.819
0.0,0.52
0.0,0.0
0.0,0.0
7.907,9.374
0.014,0.024
19.575,11.591
97.374,101.332
0.211,0.012
0.582,0.0
0.0,0.844
4.154,52.881
4.87,3.427
2.626,0.0
0.876,0.0
0.993,0.0
3.787,0.034
11.91,0.0
276.321,123.232
195.353,206.062
3.35,1.768
0.057,0.0
11.448,6.46
18.609,5.592
0.504,98.343
3.064,4.066
10.926,12.449
15.937,12.734
0.0,0.025
12.868,12.72
4.532,3.238
9.832,17.705
0.145,0.018
0.962,0.796
29.825,22.722
2.119,1.269
13.587,0.747
7.498,26.339
11.188,4.003
0.0,0.006
31.09,20.507
47.89,30.361
12.488,6.508
3.804,4.304
0.051,0.0
57.914,71.901
36.058,35.02
30.569,4.798
0.0,0.0
139.187,120.537
187.553,263.765
34.371,606.355
0.0,0.0
51.012,39.94
32.184,38.319
36.484,10.728
93.03,43.689
10.349,11.438
1.629,0.003
18.554,15.531
1.652,0.174
13.737,11.679
0.588,0.01
1.842,0.001
4.522,2.099
0.0,0.0
19.267,22.588
0.055,0.0
7.553,0.008
0.016,0.0
0.0,0.0
0.0,0.0
96.528,182.414
6.061,6.239
9.398,9.1
0.012,0.0
0.0,0.0
3.024,12.204
12.113,14.541
2.119,0.0
6.964,7.715
1.355,0.216
1.989,0.004
10.598,4.095
0.0,0.0
0.451,0.056
1.667,0.75
0.276,0.157
1.389,1.33
0.956,0.12
16.558,16.485
0.59,0.096
0.0,0.0
8.834,33.089
0.04,0.0
8.94,8.416
0.0,0.0
131.225,108.263
4.855,2.385
0.169,0.152
37.801,11.954
14.364,4.971
10.505,14.379
0.046,0.179
1.031,0.0
6.355,2.437
0.0,0.0
9.336,5.215
31.445,17.656
0.412,0.105
4.178,2.728
8.395,2.961
10.081,11.907
92.204,250.839
3.256,4.518
0.435,0.197
5.364,30.115
25.528,4.236
1.087,0.002
25.528,9.813
0.57,23.156
0.309,0.0
15.739,33.121
101.315,81.058
35.122,26.047
17.024,12.657
100.74,238.277
0.063,0.617
0.872,0.309
0.059,0.036
0.182,0.0
2.318,0.041
6.53,5.778
5.893,7.042
0.022,0.004
13.604,0.039
3.305,3.533
8.145,4.543
0.639,0.124
0.0,0.0
30.661,33.336
98.312,19.085
8.411,8.511
1.821,0.015
0.13,0.016
0.45,1.606
0.019,0.0
1.746,0.005
5.988,22.784
0.13,0.0
2.658,0.0
5.866,7.026
4.454,1.451
8.4,4.528
0.05,2.538
0.652,0.953
1.384,2.283
4.924,4.317
0.477,0.0
6.696,3.198
0.057,0.023
8.709,3.771
28.653,32.381
0.0,0.0
9.151,4.779
0.032,0.0
3.701,0.352
19.748,14.492
25.431,36.213
12.197,6.631
3.517,0.358
136.422,95.678
0.196,0.179
0.0,0.0
0.0,0.0
0.285,0.016
22.177,17.096
8.484,2.462
167.464,103.734
0.082,0.0
22.678,21.74
52.571,18.543
562.915,430.772
15.877,19.627
0.0,0.042
0.026,0.145
4.315,4.403
16.057,20.494
48.456,55.337
88.053,112.763
3.993,4.528
2.538,7.627
0.0,0.097
11.448,0.0
0.024,0.0
2.91,0.017
0.031,0.0
1.958,1.635
0.276,0.244
2.021,0.0
10.645,7.306
3.446,0.016
0.329,0.0
8.091,2.617
1.649,1.022
0.072,0.0
326.11,125.309
0.0,0.0
6.874,69.472
0.037,0.017
3.513,11.391
2.192,0.785
3.808,8.204
9.796,23.515
5.737,8.552
0.009,3.683
4.626,0.675
0.82,0.96
2.358,2.26
0.193,1054.33
2.637,1.685
12.118,8.013
13.867,20.415
78.428,0.01
0.006,0.0
1.893,0.0
0.0,0.044
5.932,10.215
0.065,0.0
0.44,0.0
1.914,0.0
8.746,7.958
0.71,0.003
112.336,180.966
0.052,0.0
11.077,22.899
0.541,5.821
18.416,19.269
2.329,7.989
164.233,102.954
24.841,0.145
12.765,30.916
1.663,31.048
20.442,0.009
4.25,14.987
10.309,28.333
3.559,0.026
0.486,0.002
16.323,13.236
28.197,13.195
21.017,6.402
0.0,0.0
58.455,42.48
4.602,0.007
0.0,0.0
0.0,0.009
0.0,0.0
8.025,12.05
3.125,0.0
12.203,0.0
1.925,2.098
12.376,12.105
9.853,13.111
2.337,3.323
30.774,36.599
3.098,0.859
11.929,10.567
10.286,2.251
6.254,7.869
1.31,0.142
0.0,0.008
5.32,0.218
25.288,0.008
0.583,0.0
17.374,21.406
12.575,28.586
0.19,0.0
1.932,2.518
0.029,0.003
48.658,53.782
2.378,0.082
4.584,2.977
0.0,0.0
29.183,52.22
0.0,0.0
0.111,1.716
0.0,0.011
0.0,0.0
4.719,3.271
7.015,0.015
11.084,7.464
0.0,0.0
0.031,0.0
0.355,0.0
0.041,0.0
20.544,9.665
2.605,1.208
15.831,3.763
2.716,0.134
0.006,0.046
17.259,10.042
5.284,6.624
26.175,31.877
19.734,8.137
0.011,0.0
7.7,6.477
3.659,15.288
46.115,89.964
19.69,18.211
0.067,0.0
12.438,0.102
21.097,39.149
0.12,0.0
7.989,4.046
5.679,3.66
12.814,5.712
1.221,0.011
9.006,1.42
1.755,1.265
0.0,0.0
9.704,11.398
0.0,0.0
0.034,0.0
0.042,0.054
0.0,0.0
0.0,0.0
0.346,0.122
1.946,1.16
0.0,0.0
10.671,5.46
0.0,0.0
0.0,0.0
3.074,0.763
14.618,67.044
0.009,0.003
0.015,0.0
15.667,1.502
1.532,0.094
0.938,0.602
0.0,0.0
1.603,9.2
5.237,0.113
0.0,0.0
2.454,0.109
2.209,6.378
4.248,2.303
0.503,0.922
3.385,3.121
0.06,0.027
0.147,1.663
0.0,0.0
0.0,0.0
7.306,5.818
2.282,8.208
0.004,0.001
28.095,22.834
0.595,0.0
7.168,7.522
4.583,4.072
0.0,0.0
0.0,0.079
12.44,10.252
7.653,0.94
13.259,11.133
0.283,1.331
0.356,0.176
3.91,0.033
1.283,0.367
0.847,0.271
2.451,0.004
0.493,0.111
14.364,1.05
2.473,0.854
0.0,0.0
35.058,54.762
0.095,0.0
30.11,26.729
10.3,5.855
14.661,14.693
57.069,19.34
4.582,7.861
18.106,17.924
24.852,9.11
4.161,3.336
0.934,0.848
0.161,0.0
0.053,0.002
0.046,0.0
0.0,0.0
0.0,0.0
23.817,20.401
22.219,14.237
30.596,32.327
20.861,47.44
0.0,0.0
0.142,0.0
3.182,4.172
26.006,10.846
108.843,85.575
4.01,7.069
7.888,0.037
1.881,0.003
5.949,0.012
14.834,19.7
0.745,1.11
24.754,0.056
7.516,2.777
7.41,0.542
4.361,0.108
4.784,2.102
50.949,9.478
30.057,42.561
0.567,0.114
15.042,45.196
11.099,16.791
7.767,7.858
129.246,300.32
8.458,2.775
4.471,2.354
138.165,0.915
1.206,686.842
0.884,5.72
0.014,0.0
3.507,2.263
1.363,0.562
0.057,0.085
2.284,0.446
0.0,0.0
0.615,1.389
0.455,0.0
0.019,0.357
0.0,0.0
1.683,0.0
29.182,16.017
1.795,1.54
0.081,0.0
0.202,0.028
0.183,0.002
11.042,6.925
4.017,10.159
0.024,0.025
6.507,1.188
0.439,0.09
3.727,4.012
14.851,25.356
24.905,14.118
0.0,0.0
2.704,39.432
10.028,9.144
12.483,15.96
6.955,13.685
32.805,9.956
12.944,7.538
0.06,0.015
0.0,0.0
0.0,0.0
0.234,0.0
0.0,0.0
0.083,0.0
3.94,9.672
0.079,0.0
170.706,87.298
15.208,21.361
0.0,0.0
0.041,0.011
21.101,10.95
0.0,0.0
0.496,0.0
5.207,4.911
0.0,0.0
0.038,0.0
2.042,22.879
2.699,5.122
43.733,19.851
0.0,0.005
0.626,0.394
0.01,0.008
0.721,0.0
53.98,94.454
37.024,0.038
38.956,0.0
0.151,0.0
18.448,0.011
13.293,25.657
27.359,37.681
5.708,12.893
2.835,3.713
0.0,0.0
0.299,0.0
53.299,136.324
25.062,9.25
11.767,16.507
4.586,5.781
0.402,0.0
13.424,4.211
12.629,30.339
9.281,8.893
1.238,0.181
23.84,16.535
0.479,0.0
3.121,1.636
0.006,0.0
0.022,0.0
2.97,18.544
10.244,5.715
1.139,0.134
18.386,10.547
12.633,3.64
0.0,0.0
1.14,0.0
17.237,32.896
0.0,0.0
6.154,8.802
16.089,0.0
12.251,12.855
4.71,2.955
0.337,0.076
1.59,0.138
6.527,0.0
6.808,5.237
1.294,0.146
0.102,0.0
0.0,0.0
0.465,0.0
0.302,0.12
0.205,0.022
3.641,0.204
29.091,24.234
23.561,26.747
1.523,0.0
0.563,0.004
0.005,0.0
6.768,2.295
0.039,0.0
1.0,0.291
6.052,4.462
0.0,0.0
0.467,0.136
0.0,0.0
10.938,8.32
24.285,32.964
1.278,0.995
4.014,0.039
3.847,1.034
0.652,0.009
54.142,35.797
6.421,6.231
0.0,0.0
1.475,0.241
10.619,10.376
12.979,6.799
0.022,0.0
12.228,10.148
81.952,717.755
0.497,0.014
1.26,0.342
1.352,4.903
0.123,0.0
2.466,8.256
3.046,4.39
0.238,0.0
6.754,8.532
0.077,0.154
0.0,0.0
33.89,7.839
0.0,0.0
0.0,0.0
5.932,0.105
4.654,5.998
0.158,0.042
4.029,0.0
15.56,16.701
0.234,0.173
3.447,6.21
2.572,0.92
0.0,0.0
9.096,7.607
0.019,0.0
3.09,1.142
0.653,0.0
35.406,0.01
1.948,1.556
4.507,2.868
33.483,36.355
0.202,0.029
0.0,0.0
2.739,0.007
0.0,0.0
0.892,0.727
24.548,34.282
19.533,16.744
56.16,55.219
16.282,11.778
5.147,4.217
9.154,6.116
9.076,0.002
22.933,12.853
24.287,41.995
6.882,4.9
0.027,0.439
41.129,86.237
12.368,12.12
4.371,6.022
70.95,33.374
14.481,0.0
1.295,2.699
0.705,1.935
0.0,0.007
0.0,0.0
0.0,0.0
0.0,0.0
0.0,0.0
0.0,0.514
0.0,0.0
2.359,0.027
10.034,0.023
2.743,1.136
5.819,4.761
8.696,10.701
0.206,0.0
1.758,1.016
0.0,0.0
8.757,3.89
0.0,0.0
8.376,0.04
0.0,0.0
0.0,0.0
0.0,0.0
47.088,41.787
0.646,0.008
0.016,0.0
0.028,0.0
21.62,10.838
1.524,0.01
7.458,3.962
0.914,0.022
1.252,0.125
9.371,5.26
0.329,0.039
18.948,21.007
539.358,339.192
3.603,2.784
0.052,0.0
0.0,0.0
0.0,0.0
15.247,16.579
4.531,2.847
33.213,33.66
10.844,8.386
0.462,0.0
0.0,0.0
0.006,0.002
0.0,0.0
9.481,10.491
37.383,50.555
7.041,12.345
22.539,13.226
1.905,6.575
0.135,0.004
4.837,0.008
1.815,0.085
0.226,0.134
0.0,0.0
107.589,86.002
0.95,0.519
0.0,0.0
0.0,0.0
35.124,8.306
0.017,0.0
4.706,2.062
0.0,0.0
6.197,0.31
45.347,86.605
0.0,0.0
0.937,0.134
0.033,0.011
0.153,0.11
0.0,0.0
5.393,18.555
0.06,0.0
0.011,0.0
0.307,0.036
0.131,0.0
19.605,19.802
29.082,25.122
1.228,2.037
0.0,0.0
1.041,0.114
0.0,0.0
0.117,0.0
0.0,0.0
11.419,9.024
21.103,10.491
0.0,0.0
7.256,4.226
0.081,0.041
0.561,0.152
3.128,0.0
0.0,0.0
0.0,0.0
15.336,6.981
0.096,0.0
26.095,26.225
1.112,0.025
0.076,0.013
3.813,4.052
73.763,153.587
47.649,6.9
0.0,0.0
0.15,0.084
0.097,4.9
0.188,0.437
0.091,0.0
0.0,0.0
12.366,0.0
2.881,0.002
2.141,0.042
27.189,20.617
4.916,4.013
0.945,0.19
13.763,7.067
11.431,0.651
0.0,0.0
4.143,2.318
0.016,0.0
75.183,16.033
7.571,5.228
11.761,13.299
6.854,13.765
0.867,0.627
12.127,0.0
0.0,0.0
13.352,4.052
0.0,0.0
11.489,0.368
0.004,0.007
0.0,0.0
31.4,41.994
3.407,3.306
10.156,7.452
12.33,8.007
0.49,0.0
0.392,0.583
0.0,0.0
0.881,0.268
0.547,0.001
194.802,377.036
7.227,9.031
6.789,3.051
0.0,0.0
0.296,0.079
0.0,0.0
0.0,0.0
39.208,26.129
7.601,10.776
0.081,0.0
2.599,1.233
2.365,1.028
0.64,0.0
16.681,0.899
0.797,0.092
0.349,0.025
0.907,1.915
9.966,19.242
0.438,1.518
3.834,1.403
13.462,24.365
19.349,93.133
6.034,11.106
13.829,8.295
0.043,0.003
5.632,3.385
4.898,1.709
5.068,5.303
32.297,3.95
5.393,7.36
54.492,111.833
0.124,0.004
2.259,0.107
17.733,9.474
2.603,0.289
9.187,8.986
1.778,0.069
18.562,14.888
0.0,0.0
22.898,28.118
0.106,0.124
11.646,4.246
6.939,10.027
3.625,0.0
1.093,0.0
0.0,0.0
14.883,11.388
2.992,0.248
9.519,5.407
0.055,0.0
32.036,18.521
1.049,0.0
5.619,6.007
0.64,0.861
31.774,18.679
32.099,14.481
0.806,0.743
5.161,0.821
5.511,2.791
18.78,14.774
2.884,0.013
0.0,0.025
0.038,0.064
1.3,4.73
6.243,9.83
0.101,0.052
0.271,0.041
1.118,0.618
83.738,90.024
0.564,0.011
19.868,22.484
0.0,0.003
6.317,7.387
11.361,7.392
20.985,26.558
10.089,201.466
0.282,0.0
9.265,15.289
5.374,4.101
12.394,16.81
0.481,0.013
7.304,4.862
1.826,0.001
0.195,0.009
37.468,36.985
0.104,0.057
28.831,5.314
7.004,11.095
0.25,0.166
0.498,0.615
3.24,2.138
7.814,10.083
6.782,0.793
18.253,5.69
0.879,0.481
12.642,6.326
4.91,0.0
0.0,0.0
0.0,0.0
0.255,0.0
1.086,0.271
0.626,0.08
3.559,1.384
13.96,3.935
7.036,50.202
0.695,4.782
18.852,11.739
9.152,4.239
2.889,1.288
8.036,4.544
8.611,4.294
0.0,0.0
3.46,1.423
0.0,0.0
0.89,0.481
14.802,6.709
22.168,14.198
0.054,0.0
0.223,0.205
7.285,2.882
9.98,24.352
0.0,0.0
0.0,0.0
0.956,0.004
0.0,0.112
3.959,0.019
0.346,0.0
44.938,39.568
0.228,0.0
1.013,0.652
13.642,14.238
26.101,42.109
0.581,0.013
0.0,0.0
0.365,82.921
13.356,19.581
15.859,8.328
2.026,0.644
0.011,0.0
46.569,40.221
84.168,56.514
0.0,0.0
35.429,28.706
2.113,0.0
44.323,20.055
3.451,1.64
13.295,21.505
46.362,21.535
90.166,17.684
5.344,4.809
6.559,34.335
7.546,1.136
2.526,0.187
6.889,12.911
10.944,5.908
20.719,20.756
23.529,6.663
7.828,19.84
0.145,0.323
4.523,5.193
4.381,12.79
0.249,0.05
0.0,0.0
11.377,3.536
0.016,0.0
12.965,1.408
4.676,0.0
4.794,1.715
0.009,0.2
25.441,18.247
10.262,14.337
0.042,0.0
3.288,0.857
0.03,0.0
2.992,4.824
25.847,10.47
0.094,0.112
0.0,0.0
9.096,3.625
2.717,0.0
12.584,9.508
145.199,151.217
0.255,0.04
0.247,0.0
48.378,24.706
0.0,0.0
0.0,0.0
2.18,0.431
44.274,75.939
0.343,0.103
0.0,0.0
0.478,0.002
0.279,0.277
12.143,10.403
0.0,0.0
8.552,8.676
120.603,49.794
3.968,0.373
0.0,0.0
24.251,47.013
26.028,9.707
12.799,0.0
0.0,0.0
51.322,40.437
57.686,1972.95
0.217,0.504
3.252,0.017
187.361,48.061
3.528,2.158
11.672,8.762
0.791,0.033
0.157,0.0
0.056,0.027
6.038,31.033
32.097,10.899
18.871,9.807
0.0,0.0
0.261,0.06
7.316,5.409
0.398,0.09
4.637,7.252
6.587,0.154
18.309,3.465
13.451,3.762
18.108,16.35
0.008,0.0
7.174,10.667
77.431,44.522
6.583,3.268
5.897,6.984
1.958,2.286
2.792,2.022
0.395,0.04
25.919,49.821
0.25,0.482
7.719,6.682
0.0,0.0
6.921,4.454
0.0,0.0
0.215,0.021
1.043,0.09
14.728,10.326
12.966,0.225
3.664,1.575
7.495,2.865
8.63,7.218
0.01,0.0
0.04,0.0
133.483,48.437
4.492,4.596
0.0,0.002
0.414,0.015
14.746,2.77
6.05,3.315
4.237,7.547
8.564,8.584
12.139,15.429
3.556,3.628
0.076,0.003
0.79,0.249
1.665,0.473
9.839,7.081
6.829,6.278
0.554,0.268
0.005,0.0
3.547,4.002
0.0,0.0
7.063,6.325
0.074,0.595
22.705,22.577
0.018,0.0
17.789,13.428
3.152,1.68
7.855,5.264
9.568,3.171
3.688,3.512
0.0,0.0
0.036,0.016
5.956,8.948
115.573,97.648
7.486,9.522
0.831,0.947
32.469,49.94
31.351,31.759
0.015,0.0
11.174,6.95
0.041,0.0
18.439,22.724
3.946,16.993
5.106,6.258
17.915,90.878
0.0,0.0
0.118,0.0
5.628,10.571
1.966,0.0
0.0,0.0
2.333,0.023
0.946,0.0
7.777,2.928
0.086,0.0
0.592,5.501
14.958,8.375
3.216,1.184
9.142,7.764
7.058,3.664
0.035,0.0
0.0,0.0
2.641,0.552
0.0,0.005
37.904,51.577
25.794,18.341
18.802,10.42
0.036,0.114
0.0,0.0
0.016,0.0
3.434,1.02
0.385,0.013
2.304,1.683
0.047,0.0
0.388,2.892
8.052,5.451
6.233,5.677
13.44,0.0
0.3,1.431
2.814,0.607
0.107,0.0
0.256,0.238
3.849,3.153
0.108,0.0
0.0,0.002
4.335,1.797
0.06,0.0
2.172,77.594
3.394,0.169
51.246,41.637
0.088,0.0
18.701,6.05
1.489,0.303
0.616,0.0
0.862,0.889
0.667,0.003
7.456,3.76
1.835,1.463
0.011,0.008
4.871,3.127
1.521,0.394
12.895,5.4
0.0,0.0
20.278,5.46
2.098,0.064
29.869,11.137
33.107,16.924
0.0,0.036
9.692,13.908
12.661,6.035
13.832,5.749
4.02,0.109
10.012,4.378
0.361,0.008
18.075,42.211
6.457,7.609
16.108,80.703
0.108,0.0
45.992,61.902
1.072,0.083
10.181,12.052
0.101,0.064
3.339,2.171
4.0,1.226
8.294,0.574
8.726,0.006
0.244,0.375
1.642,0.281
1.876,0.0
9.133,6.083
13.645,16.775
8.286,2.709
0.023,0.004
40.67,56.887
6.963,0.216
0.0,0.0
0.073,0.0
81.797,198.793
10.377,1.684
0.035,0.003
0.061,0.073
127.748,231.887
0.089,0.0
9.108,13.718
40.832,33.666
4.66,1.386
0.0,0.0
38.351,3.282
8.558,1.243
0.0,0.0
17.55,6.431
0.0,0.0
0.38,0.115
0.036,0.0
0.0,0.0
0.083,0.851
0.891,6.571
12.3,7.238
0.0,0.0
0.113,0.0
0.028,0.0
0.0,0.0
8.477,4.721
2.744,0.009
0.0,0.0
14.433,11.375
0.134,0.078
0.033,0.031
8.453,39.418
10.315,4.244
1.991,0.567
5.582,6.157
80.852,61.879
0.0,0.162
3.88,1.692
6.343,2.512
0.0,0.013
1.378,0.053
6.61,0.912
1.749,0.004
0.391,0.004
4.235,4.75
8.673,2.733
3.206,2.943
22.822,11.207
0.0,0.342
166.137,14.725
7.166,12.099
0.0,0.0
4.224,1.0
0.11,0.0
61.105,173.797
0.412,0.009
2.738,0.015
3.078,2.989
5.499,5.452
0.812,0.043
22.815,25.101
20.374,5.804
7.275,1.812
0.059,0.033
39.65,60.191
0.038,0.0
7.099,5.489
52.521,34.921
50.512,39.786
25.547,14.205
32.482,23.562
17.891,17.633
0.995,0.0
0.036,0.002
0.926,0.015
43.671,15.565
0.076,0.007
13.202,1.86
7.242,6.183
12.913,40.882
1.978,0.637
0.192,0.203
10.952,6.331
5.256,2.281
1.775,0.01
0.0,6.289
0.17,9.278
3.04,0.308
17.987,8.256
0.0,0.0
0.142,0.0
105.698,65.28
0.815,0.0
0.376,0.028
11.697,16.709
5.211,1.389
15.48,10.026
2.572,0.187
13.488,19.904
9.929,8.625
21.65,18.553
0.0,0.014
2.079,1.335
0.0,0.0
1.679,1.188
30.909,195.762
5.474,0.0
2.306,0.033
3.587,0.342
13.285,3.516
2.472,0.0
25.05,8.837
6.733,12.413
1.385,0.713
14.473,20.843
0.0,0.0
0.291,0.0
0.289,0.0
6.698,14.568
0.075,0.0
0.353,0.006
0.018,0.0
0.0,0.0
3.581,2.392
0.257,0.008
0.571,0.168
1.837,2.097
64.11,112.417
2.178,0.052
0.425,0.131
38.037,1.442
42.483,29.439
8.411,4.736
52.723,60.811
0.972,23.628
96.182,25.336
4.829,1.084
1.632,22.303
58.439,15.701
0.0,0.0
12.269,11.903
0.0,0.0
30.184,11.748
0.101,0.0
6.664,23.277
0.013,0.0
2.582,3.505
0.706,0.103
2.177,26.743
6.175,4.012
0.0,0.0
11.577,6.432
0.03,0.066
14.527,2.362
0.056,0.066
58.014,53.066
1.073,3.401
0.033,0.0
28.221,25.558
0.078,0.039
0.0,0.0
4.044,4.205
1.215,0.052
1.805,0.46
29.048,48.522
31.552,2453.16
2.163,1.973
0.057,0.0
0.018,0.005
106.413,72.183
62.605,27.702
14.267,16.324
0.0,0.0
10.084,14.896
0.033,0.004
1.797,1.188
0.286,0.015
2.175,0.0
0.268,0.0
3.11,2.122
0.057,0.003
16.001,7.771
3.508,3.208
141.157,2.96
9.084,42.239
1.934,0.318
0.89,1.817
8.112,0.072
23.123,14.255
25.707,30.878
0.022,0.147
17.378,24.78
0.344,2.309
0.014,0.001
0.0,0.0
0.0,0.0
54.35,940.307
11.3,5.288
7.398,14.024
12.127,13.277
2.197,2.629
0.0,0.0
0.049,0.0
0.007,0.055
22.939,125.406
1.286,0.028
5.331,1.8
8.219,1.876
0.446,0.285
0.0,0.0
41.114,38.881
0.772,1.777
15.25,20.991
43.209,58.036
13.511,10.861
27.891,13.164
14.719,22.929
1.747,1.193
2.571,1.044
0.573,0.048
0.082,0.0
9.884,5.403
3.654,9.986
19.698,11.655
4.257,2.98
0.0,0.001
1.092,0.0
17.24,70.604
114.187,66.678
0.161,0.0
9.558,1.615
0.0,2.371
0.0,0.0
0.0,0.0
0.251,0.0
9.776,2.711
16.267,6.896
0.0,0.0
2.24,0.618
5.569,12.053
0.0,0.0
0.0,0.0
0.261,0.068
0.0,0.0
2.996,0.141
0.0,0.0
16.585,8.693
0.0,0.0
0.0,0.0
9.636,5.709
0.009,0.0
2.486,1.816
0.572,0.488
0.0,0.0
1.154,0.118
0.0,0.005
0.0,0.0
0.035,0.0
425.119,330.485
0.014,0.0
0.0,0.0
3.262,1.306
0.047,0.018
0.517,0.834
7.812,7.828
5.272,0.73
11.379,11.596
47.144,53.134
10.849,5.49
0.841,0.898
4.341,1.645
0.597,0.098
0.338,0.566
22.192,36.066
16.147,11.844
10.037,16.423
3.128,0.623
0.065,0.0
0.579,1.208
26.855,16.305
28.436,54.845
4.429,14.576
0.931,0.108
2.905,2.589
18.118,5.609
6.101,0.758
8.241,0.064
0.0,0.0
0.0,0.0
5.146,4.891
2.208,3.037
5.132,0.021
0.0,0.0
4.101,6.448
0.0,0.0
0.0,0.0
0.072,0.009
0.026,0.0
0.0,0.0
0.011,0.0
1.033,0.325
2.106,0.014
2.072,13.636
0.0,0.0
0.0,0.0
58.207,64.364
10.478,8.206
18.78,43.515
0.0,0.004
0.439,3.418
1.598,0.0
20.478,43.799
0.424,3.177
2.843,1.104
0.0,0.0
1.674,0.73
5.346,1.405
0.0,0.0
0.768,0.414
1.312,0.537
7.559,4.372
0.0,0.0
21.305,25.854
0.208,0.07
18.553,9.506
0.618,0.417
0.0,0.0
0.375,0.0
2.441,2.74
0.019,0.0
0.26,0.0
1.103,0.884
0.071,0.0
0.0,0.0
7.848,5.774
0.0,0.0
82.462,65.252
0.0,0.0
0.0,0.0
1.589,0.334
4.288,3.205
2.979,4.814
28.591,3.736
17.367,17.423
32.434,79.262
0.0,0.0
0.171,0.009
2.742,0.002
156.914,79.695
0.0,0.0
22.776,22.852
0.0,0.0
0.641,0.449
0.0,0.0
27.16,17.675
0.0,0.0
8.778,0.0
3.63,0.344
9.198,1.397
7.687,10.274
2.656,0.14
0.057,0.015
0.0,0.0
0.0,0.0
0.085,0.031
0.752,1.678
0.0,0.0
0.888,0.071
23.465,25.441
27.388,28.614
0.359,0.0
0.243,0.596
31.685,22.17
16.921,16.28
61.535,21.025
0.0,0.0
0.0,0.007
35.986,55.77
0.056,0.0
5.816,14.59
6.185,4.158
0.0,0.0
0.649,0.134
18.459,7.822
4.901,4.443
6.027,3.542
17.352,3.068
0.0,0.0
14.871,3.682
4.056,4.048
2.642,2.688
1.625,12.851
5.798,6.076
13.957,8.546
1.533,1.295
1.119,3.61
0.165,0.008
45.627,62.816
14.595,54.537
0.295,0.0
17.507,22.451
6.899,3.71
0.045,0.0
0.0,0.0
14.725,11.098
0.0,0.0
71.502,55.492
18.127,3.772
0.0,0.0
3.695,0.156
0.017,0.0
0.0,0.0
0.43,0.766
12.102,14.093
8.943,9.736
0.0,0.0
0.0,0.0
0.0,0.0
18.033,15.709
0.113,0.0
0.222,0.0
14.41,16.233
0.042,0.028
0.0,0.0
1.242,0.0
0.0,0.0
5.923,11.96
0.027,0.009
0.013,0.094
0.048,0.0
0.042,0.004
12.759,9.121
10.731,5.365
10.658,8.361
0.0,0.0
0.858,0.0
4.095,2.089
0.106,0.045
12.368,22.754
0.666,0.0
3.923,0.031
21.518,36.138
3.146,0.162
7.497,1.173
30.724,14.43
0.344,0.0
3.984,0.363
0.029,0.0
10.9,6.407
12.636,14.961
5.077,7.336
4.41,1.99
1.485,0.051
0.444,0.0
0.256,0.058
0.0,0.014
0.118,0.0
4.236,4.661
0.127,0.019
0.773,0.432
0.039,0.0
66.579,293.197
0.0,0.0
16.571,25.369
0.272,0.027
14.277,4.452
0.0,0.0
0.019,43.049
0.053,0.0
10.72,2.655
0.15,0.0
4.84,0.0
0.0,0.0
20.134,11.794
7.6,9.054
0.066,0.012
10.584,15.685
0.0,0.0
22.864,16.962
1.238,0.237
0.004,0.005
37.276,11.819
12.935,4.645
0.0,0.0
0.714,0.077
7.211,7.849
47.543,30.185
11.596,5.337
3.116,0.002
0.035,1.128
21.935,10.561
13.373,26.093
4.282,12.599
42.04,8.848
0.341,0.006
0.0,0.0
19.296,47.961
0.873,0.134
1.789,0.128
11.036,2.321
0.0,0.0
4.531,0.093
0.244,0.16
0.0,0.0
0.532,0.559
0.0,0.0
0.355,0.024
63.66,185.428
94.144,137.508
29.469,17.614
4.466,2.1
0.237,0.011
2.679,0.061
28.455,12.012
42.365,106.397
34.848,2.27
85.852,35.657
0.0,0.011
20.406,7.378
0.321,0.019
0.0,0.0
0.943,0.003
14.741,8.499
2.132,0.281
5.171,4.577
11.002,4.62
2.129,1.719
0.477,0.243
28.728,22.601
45.073,43.561
3.282,4.129
28.637,28.094
19.443,11.768
2.313,1.683
0.0,0.0
9.363,2.585
9.383,6.893
0.014,0.0
26.661,39.583
22.298,40.128
34.668,64.752
7.666,8.653
4.547,0.0
2.089,0.097
0.951,0.009
0.0,0.0
0.032,0.0
0.146,0.078
0.0,0.0
4.536,2.95
9.824,7.74
1.71,0.563
0.185,0.215
120.337,124.303
1.405,24.276
4.348,2.518
0.056,0.0
27.465,22.836
10.303,4.164
0.933,0.163
13.694,45.887
0.719,0.151
0.051,0.0
1.845,0.736
6.826,7.051
3.856,6.242
6.393,4.142
0.097,0.001
0.277,0.011
5.549,4.86
50.119,27.151
0.0,0.0
10.916,16.537
1.845,5.057
4.107,2.776
0.02,0.0
0.0,3.717
0.024,0.0
4.264,0.903
3.375,14.191
0.476,0.003
17.098,7.534
0.215,0.008
0.823,0.044
26.517,2.602
0.888,0.0
42.412,91.113
0.032,0.013
3.189,0.312
2.177,0.177
2.03,2.065
0.246,0.007
5.52,10.737
0.094,0.006
0.0,0.0
43.258,49.084
0.0,0.0
0.0,0.0
0.0,0.0
7.151,5.734
0.63,0.0
2.022,0.116
18.161,54.14
4.17,2.217
0.031,0.0
3.097,0.0
0.0,0.0
0.132,93.197
2.938,0.275
8.346,7.422
1.049,1.58
1.672,1.597
0.0,0.0
0.021,0.007
12.626,9.36
3.835,0.036
0.779,0.006
13.218,1.084
5.209,5.441
0.058,0.067
11.672,13.964
6.807,1.043
18.963,32.907
0.189,0.16
0.562,6.449
5.45,1.708
0.0,0.0
13.717,1.139
3.399,7.091
0.696,0.0
20.366,2.169
7.096,13.518
2.967,0.048
9.816,0.007
15.919,4.381
0.28,0.0
20.491,2.739
13.639,42.623
0.0,0.0
0.0,0.0
0.037,0.012
0.1,0.0
16.244,17.726
4.875,4.639
3.945,0.06
0.019,0.013
0.0,0.0
0.055,0.232
1.423,0.353
8.44,2.486
0.011,0.0
24.327,10.903
2.401,0.955
7.786,28.257
1.686,0.854
13.961,1.709
113.258,131.901
0.005,0.0
2.092,2.976
0.088,0.008
0.0,0.0
135.404,72.166
0.037,0.088
1.917,0.29
15.547,14.922
8.39,6.736
6.051,0.0
20.58,0.812
0.07,1.069
0.0,0.0
0.0,0.002
0.018,0.0
29.761,28.961
0.0,0.0
0.0,0.0
1.753,0.373
4.288,0.782
1.126,9.233
0.138,0.0
0.558,0.015
3.754,2.489
5.563,0.415
0.425,0.18
26.893,29.014
8.311,3.153
61.284,24.902
1.173,0.472
0.336,0.162
21.639,8.511
9.434,7.167
28.02,13.104
0.0,0.007
0.116,0.015
0.261,194.319
3.64,2.616
8.406,5.007
20.598,8.27
143.127,134.096
0.005,0.0
14.374,0.698
6.248,5.13
6.605,7.82
78.818,210.194
124.087,163.889
25.733,28.247
7.854,6.161
0.059,0.012
61.95,39.929
0.021,0.0
0.888,0.006
99.605,101.409
9.876,9.61
0.631,0.0
0.0,0.0
6.84,7.989
0.0,0.0
21.798,25.702
0.263,0.017
4.116,0.108
96.79,112.577
0.0,0.0
0.013,0.03
0.131,0.0
0.016,0.007
0.132,0.029
0.304,0.0
0.9,0.0
36.923,21.806
0.027,0.007
105.176,158.156
16.574,7.756
0.254,0.0
1.905,1.493
7.137,0.296
84.228,67.762
8.016,9.475
0.0,0.241
34.654,23.292
0.0,0.0
0.352,0.0
0.401,5.023
19.738,20.805
5.328,4.099
14.142,4.876
0.113,0.135
0.45,0.025
0.049,0.0
0.626,1.594
26.776,18.108
0.0,0.0
664.811,1297.59
56.115,30.658
0.659,0.117
9.558,9.03
1.003,12.063
0.5,13.744
0.268,0.0
0.031,0.0
158.539,69.298
0.006,0.008
117.187,91.428
0.799,0.077
0.252,0.074
14.675,3.022
34.223,44.239
1.568,0.0
0.032,0.0
9.149,5.66
1.745,0.0
1.389,0.056
23.062,24.562
0.281,0.128
16.115,0.054
17.513,3.651
0.943,0.03
8.297,7.348
6.302,3.671
3.206,3.037
0.065,0.045
1.287,0.015
6.826,3.322
0.0,0.0
18.307,31.786
7.28,22.153
2.128,1.552
3.796,0.0
9.244,5.622
0.0,0.0
1.913,0.422
0.301,0.173
0.01,0.0
24.286,20.659
1.02,0.087
2.918,0.877
0.241,0.0
0.916,0.505
6.113,6.603
0.364,0.057
0.027,0.065
0.146,0.006
8.013,1.593
0.15,90.363
3.726,1.78
0.132,0.002
25.245,17.928
0.0,0.0
0.0,0.0
3.034,1.286
1.175,3.443
48.815,50.836
0.155,0.0
0.0,0.0
0.335,0.0
0.167,0.255
0.0,0.0
0.474,0.057
0.0,0.0
4.849,2.631
15.386,14.605
0.089,0.0
0.0,0.0
12.274,0.005
0.026,0.0
0.301,0.034
0.395,0.01
0.039,0.0
0.0,0.0
0.19,1.381
42.444,6.043
9.96,19.167
3.573,5.242
17.425,12.264
19.035,21.964
0.0,0.0
0.327,0.038
0.216,0.777
4.454,0.012
20.026,27.347
0.063,0.378
2.379,0.004
6.425,7.09
29.822,27.253
0.174,0.0
1.675,0.552
20.111,6.168
1.96,6.867
0.0,0.015
0.084,0.002
57.766,48.039
0.0,0.0
0.064,0.041
4.524,2.722
0.077,0.022
19.573,32.552
0.275,0.0
0.191,0.023
8.539,3.534
8.891,3.377
31.309,37.446
1.253,0.008
65.918,102.327
6.292,4.3
6.031,4.011
7.39,2.022
0.964,0.692
9.51,6.585
7.288,8.784
0.0,0.0
7.54,3.952
0.027,0.0
1.305,0.011
1.53,0.0
0.358,0.0
0.986,0.004
1.907,0.823
0.192,0.0
0.0,0.0
7.67,1.105
0.091,0.0
12.17,0.168
6.019,12.849
13.376,5.492
0.019,0.006
0.0,0.0
0.0,0.0
0.887,0.348
0.244,0.093
17.561,11.606
12.473,23.962
3.884,9.359
41.745,34.473
0.0,0.0
0.129,0.068
31.147,0.037
0.0,0.0
18.042,11.354
8.097,4.507
0.089,0.07
0.014,0.0
3.459,1.508
0.0,0.0
2.543,10.796
0.063,0.022
0.065,0.0
0.334,0.691
0.114,6.351
0.0,0.0
0.046,0.009
7.559,0.0
21.27,13.994
0.02,1.384
0.504,0.039
13.298,4.687
5.3,2.888
0.009,0.0
6.538,0.024
7.22,3.721
17.002,13.988
49.32,22.484
3.332,1.055
0.118,0.0
0.0,0.0
1.272,0.493
44.18,34.601
1.775,3.041
0.0,0.0
6.882,1.707
0.564,0.0
0.0,0.0
0.526,0.099
0.087,0.0
8.036,1.575
14.887,0.431
0.276,0.012
0.0,0.0
1.043,0.433
0.187,0.223
0.0,0.0
3.793,2.081
0.057,0.044
0.329,0.0
11.415,13.483
0.162,0.11
4.399,0.124
5.537,0.23
0.05,0.0
2.946,5.49
0.033,0.0
36.765,11.37
12.026,5.9
0.447,0.128
11.975,9.623
3.13,4.872
0.022,0.008
0.131,0.0
2.443,0.388
14.512,3.371
0.142,0.285
0.246,0.029
0.101,1.743
0.007,0.314
11.297,2.447
21.66,9.679
0.0,0.0
0.0,0.0
0.601,0.035
7.777,0.556
1.156,3.953
0.0,0.013
4.9,2.655
11.391,0.0
0.0,0.0
4.419,2.936
10.98,18.078
1.322,0.0
0.006,0.0
1.219,0.454
1.975,8.947
4.295,2.716
0.974,0.018
93.294,104.561
12.13,0.461
3.679,1.904
0.153,0.0
5.413,4.004
0.0,0.0
2.738,1.261
0.0,0.0
0.007,0.007
0.0,0.326
0.0,0.0
0.65,0.003
0.0,0.0
46.204,31.225
0.51,0.302
1.976,1.705
9.697,4.607
30.682,23.866
16.453,17.187
5.698,3.373
0.0,0.0
0.0,0.0
1.709,0.21
10.803,10.421
0.0,0.0
16.612,47.83
0.069,0.0
0.0,0.0
1.076,0.031
8.905,2.097
11.571,16.135
37.576,37.359
0.0,0.0
7.541,11.021
0.0,0.0
1.221,0.169
0.012,0.004
0.0,0.0
1.169,2.648
3.754,1.399
0.0,0.0
0.0,0.0
1.095,0.157
133.664,148.396
0.04,0.0
11.1,15.263
5.909,6.867
39.715,51.387
2.247,1.144
9.833,2.433
0.032,0.0
31.42,20.599
2.547,1.032
8.817,1.357
62.551,88.425
0.031,0.002
0.0,0.0
2.673,0.062
7.671,7.88
0.005,0.002
31.766,45.432
1.993,1.523
4.102,0.003
232.548,209.854
9.135,14.336
15.814,17.61
0.055,0.008
0.014,0.0
24.537,5.085
6.637,4.857
69.201,7.235
0.091,0.0
0.683,0.065
3.005,1.058
0.0,0.0
12.148,4.192
4.643,11.259
0.184,0.0
5.213,2.423
0.076,0.012
0.092,0.0
0.008,53.01
0.745,0.02
0.031,0.0
0.0,0.0
0.0,0.0
0.01,0.006
1.592,2.206
2.457,0.315
8.397,8.03
0.223,0.0
2.405,0.149
1.673,0.099
2.168,0.0
6.847,0.243
24.756,0.012
3.038,0.607
6.271,4.966
0.0,0.026
16.506,19.98
11.352,15.4
7.127,12.269
2.426,0.036
0.0,0.067
6.936,2.148
0.0,0.0
18.35,5.954
0.987,0.0
2.729,2.439
0.0,0.0
13.299,9.972
0.0,0.0
8.338,0.016
0.012,0.086
19.236,11.246
0.0,0.0
0.0,0.0
0.114,0.0
1.191,0.261
33.433,9.915
0.0,0.0
0.0,0.0
0.108,0.745
5.386,1.862
93.956,55.309
0.043,0.0
11.03,6.917
0.0,0.0
2.44,0.497
0.0,0.0
0.0,0.0
10.394,4.731
0.0,0.0
0.879,0.441
0.0,0.0
6.41,8.348
9.697,4.152
0.0,0.0
1.538,0.081
0.0,0.0
0.0,0.0
5.701,3.183
0.0,0.0
0.15,0.027
31.422,5.57
0.0,0.0
0.0,0.0
29.476,23.486
63.137,62.55
1.392,0.022
0.0,0.0
0.0,0.0
1.684,1.805
22.619,26.967
5.302,9.51
12.906,6.628
11.543,6.882
0.0,0.002
12.624,21.188
1.466,0.035
0.0,0.0
1.702,1.271
1.819,0.0
10.483,4.883
5.046,3.614
6.479,3.761
0.0,0.0
20.46,9.977
0.12,0.03
14.72,10.935
34.215,39.728
0.0,0.0
17.76,31.175
0.0,0.0
11.152,16.07
0.0,0.0
0.0,0.0
0.04,0.0
0.0,0.0
0.0,0.0
0.717,0.472
76.859,49.353
2.62,0.808
7.3,0.267
11.307,23.117
0.0,0.0
0.193,0.318
0.096,0.0
0.0,0.02
54.038,30.931
0.0,0.0
0.0,0.0
0.0,0.0
81.782,81.654
9.886,6.794
14.906,8.931
0.554,0.126
3.41,16.824
25.885,40.398
0.075,0.0
156.695,276.94
5.495,8.936
0.186,0.0
5.313,3.802
3.596,1.164
33.765,34.805
3.264,2.241
0.271,0.0
21.103,20.55
9.896,0.0
0.321,1.846
0.0,0.0
14.624,10.919
3.158,0.074
0.0,0.0
7.258,3.821
1.028,0.026
1.348,1.124
0.0,0.0
35.979,14.457
52.24,45.88
9.064,20.025
56.802,84.103
4.662,7.851
13.523,6.745
0.64,0.033
57.882,68.4
0.198,0.0
8.604,6.876
0.271,0.003
36.533,71.647
0.0,0.0
6.759,19.077
6.938,0.302
0.01,0.0
0.404,0.0
0.206,0.203
0.063,2.515
2.828,1.58
0.112,0.126
0.0,0.0
20.794,5.205
24.057,2.422
28.396,23.295
0.194,0.077
0.0,0.026
2.306,3.632
15.944,8.268
2.315,0.683
15.505,15.115
5.17,0.854
3.857,0.048
0.005,0.0
0.198,0.016
0.055,0.0
0.0,0.047
0.0,0.0
0.06,0.0
0.062,0.0
0.0,0.0
0.941,0.702
7.485,4.121
3.72,3.172
4.651,10.799
0.02,0.0
28.019,3.282
24.566,0.417
0.339,0.001
0.0,0.017
9.845,7.009
1.635,2.156
0.0,0.0
30.259,39.552
0.0,0.0
0.194,0.17
1.654,0.015
0.307,1.865
1.327,1.107
20.619,23.3
195.397,244.404
6.513,4.428
0.147,0.337
86.11,0.452
23.586,16.585
5.697,1.022
0.333,0.0
2.903,0.008
21.161,13.171
6.389,1.861
0.031,0.0
0.0,0.0
34.381,29.831
4.601,11.337
11.717,20.49
0.054,0.006
13.716,17.471
9.503,5.842
2.097,0.004
0.174,0.0
4.456,0.504
0.493,7.771
0.286,0.194
0.095,0.761
2.99,7.007
0.898,0.0
0.78,0.865
0.624,39.813
0.0,0.0
5.058,1.14
0.508,0.0
9.47,15.688
1.974,7.461
7.282,0.65
0.0,0.0
5.534,0.285
28.808,11.003
0.0,0.006
0.201,0.058
0.0,0.0
16.517,0.046
0.813,0.0
7.192,4.746
0.0,0.0
0.39,10.094
22.052,13.418
0.03,0.305
0.212,0.11
7.832,1.699
0.33,0.155
0.0,0.0
4.314,0.798
24.027,35.079
12.653,8.607
77.411,1258.73
0.374,0.004
5.246,0.016
0.292,0.006
8.623,20.109
2.967,0.057
0.537,0.003
45.012,36.282
0.111,0.015
0.0,0.0
0.409,0.241
0.0,0.0
0.207,0.228
0.0,0.0
0.641,40.016
0.056,0.005
18.126,24.189
9.541,12.316
0.0,0.0
0.012,0.0
26.471,21.862
13.21,13.163
0.108,0.013
0.019,0.0
0.547,0.21
0.0,0.0
16.603,16.055
17.737,0.116
0.227,0.0
45.78,12.652
37.035,26.008
1.199,0.006
18.192,14.697
0.035,0.03
0.0,0.0
0.427,0.0
0.159,0.044
6.625,3.126
3.254,2.379
3.13,0.0
0.128,3.277
6.386,0.636
3.336,1.62
0.287,0.035
75.315,70.59
0.0,0.016
29.875,40.368
0.378,0.159
50.684,37.205
5.391,0.153
9.173,4.943
0.031,0.0
14.352,8.804
0.0,0.0
31.844,16.421
0.314,0.076
12.271,12.553
6.06,4.145
0.689,0.423
70.466,18.871
28.901,42.245
0.603,0.0
0.033,0.153
7.582,15.434
1.092,4.848
0.0,0.0
1.433,0.163
0.02,0.007
0.0,0.0
2.722,0.0
0.044,0.105
6.739,6.397
59.138,61.672
4.212,0.373
1.819,1.205
2.121,3.608
0.198,0.005
0.195,0.008
1.561,0.014
16.696,3.415
2.798,2.122
24.129,122.214
0.003,0.0
0.052,0.004
3.787,0.31
4.703,2.949
0.0,0.0
1.128,5.131
1.391,0.305
0.433,0.004
0.208,0.009
0.0,0.0
0.653,0.015
4.104,1.941
1.092,0.349
0.0,0.0
0.295,0.009
2.999,0.399
0.08,0.016
0.113,0.045
10.031,12.819
0.607,0.0
7.58,4.497
0.176,0.0
0.044,0.0
14.663,7.312
1.118,0.455
2.256,3.511
0.006,0.0
76.361,127.133
1.462,0.999
0.053,0.0
0.247,0.051
4.08,0.011
1.74,2.886
3.091,0.0
160.572,119.528
30.37,29.608
0.0,0.0
0.0,0.0
0.0,0.004
0.296,0.025
45.537,52.226
0.878,8.02
78.394,50.388
0.0,0.0
0.0,0.041
0.0,0.0
6.643,0.006
0.738,0.036
7.695,5.463
0.0,0.0
0.0,0.0
0.223,0.001
0.0,0.0
2.891,0.892
0.0,0.0
31.857,23.76
20.432,0.946
4.981,2.561
0.536,0.0
0.0,4.839
6.105,5.425
0.008,0.0
24.589,11.34
0.036,0.0
0.0,0.0
0.43,0.095
1.237,0.09
3.307,1.667
19.075,21.563
0.057,0.015
19.999,10.688
35.52,34.938
0.0,0.0
0.212,0.0
1.205,0.016
0.34,0.0
0.0,0.0
0.0,0.0
1.473,0.002
7.013,4.0
5.512,5.529
0.0,0.0
10.491,9.92
0.411,0.003
6.773,1.121
15.089,1.935
5.755,0.657
10.451,0.126
11.443,5.378
22.605,12.4
30.697,17.806
8.501,6.958
1.716,0.008
0.246,0.0
28.234,15.897
0.0,0.0
0.0,0.14
0.0,0.0
0.955,0.564
1.822,0.022
0.0,0.0
12.7,14.988
0.314,2.287
6.416,5.386
8.58,0.012
6.787,9.781
1.545,0.925
16.419,11.521
0.0,0.0
4.456,0.189
2.339,1.439
27.927,50.084
0.385,0.17
2.242,1.55
0.0,0.012
0.16,0.0
0.033,0.021
0.0,0.0
0.024,0.0
0.052,0.0
2.33,2.369
19.174,7.692
0.286,0.036
0.334,0.0
4.405,4.801
0.4,0.015
0.015,0.0
6.811,6.901
0.344,0.069
1.009,0.824
0.143,0.0
0.065,0.0
0.452,0.02
54.924,44.891
14.838,3.65
0.413,0.158
7.831,3.793
0.011,0.0
12.288,61.871
0.0,0.0
0.0,0.013
0.0,0.0
0.071,0.309
4.008,1.784
5.555,24.279
10.793,9.041
41.033,40.729
0.078,0.134
0.0,0.0
1.417,0.043
9.508,4.592
13.143,14.121
1.665,0.339
0.368,0.0
0.055,0.007
34.778,39.138
0.0,0.0
0.223,1.406
5.322,5.609
5.849,6.307
8.634,5.243
1.796,0.548
0.469,0.079
0.05,0.022
0.339,0.0
28.84,2.263
0.832,11.097
0.111,0.159
0.154,0.092
0.651,0.364
0.0,0.0
8.161,3.051
0.0,0.0
2.91,0.029
0.156,0.004
0.291,0.0
8.567,2.365
0.33,0.005
6.609,2.217
1.749,2.729
4.366,5.106
0.103,0.011
0.112,0.006
0.705,0.012
1.365,11.586
1.024,0.008
2.989,0.023
21.488,29.087
19.511,16.439
0.0,0.0
19.644,16.384
0.411,0.016
1.072,17.409
1.039,0.0
1.047,0.0
19.655,10.272
7.802,1.998
0.167,0.0
0.905,0.531
7.929,0.028
0.038,0.0
12.966,6.856
6.071,10.89
16.764,15.081
0.12,0.007
10.447,36.58
8.776,0.201
0.0,0.003
58.54,73.969
1.248,0.083
2.697,0.013
54.564,27.387
2369.83,3776.24
0.569,0.004
15.374,13.006
0.0,0.0
1.04,0.0
0.0,0.0
0.259,0.0
0.097,0.033
11.347,12.46
7.471,9.559
4.353,0.002
1.176,0.21
86.898,116.179
3.763,1.114
0.0,0.0
152.253,238.512
0.025,0.015
40.396,32.141
0.0,0.0
0.056,0.003
0.0,0.102
1.384,2.085
0.0,0.0
0.213,0.007
7.222,0.037
17.821,15.358
1.463,0.092
7.534,17.075
0.0,0.0
7.957,13.226
10.35,17.569
0.508,0.127
1.278,0.239
17.761,6.141
10.899,4.232
1.149,0.218
22.847,19.457
5.804,0.557
3.286,4.064
0.014,0.0
67.289,59.067
11.351,8.662
1.643,0.0
0.06,0.048
0.668,0.259
5.569,11.149
25.834,12.341
2.63,249.52
0.017,0.0
7.41,15.444
1.375,0.012
2.462,1.88
2.648,0.158
0.0,0.0
3.773,5.014
11.428,14.195
21.138,161.538
0.0,0.0
2.798,0.0
2.557,0.165
0.177,0.014
2.936,0.918
4.412,5.689
0.0,0.0
0.0,0.003
2.158,2.863
28.768,0.0
0.0,0.0
0.199,9.121
2.568,1.021
6.944,2.442
0.163,0.027
0.363,0.063
2.722,4.536
0.062,0.004
13.11,115.337
2.798,2.292
11.675,5.535
1.167,0.0
0.408,1.272
6.743,2.346
5.988,4.879
0.07,0.0
0.117,0.0
0.0,0.0
15.1,5.806
0.127,0.0
7.419,3.106
28.318,32.19
0.0,0.0
19.976,9.757
16.588,5.395
4.316,0.105
1.136,0.021
0.019,0.0
4.592,3.327
5.924,4.523
0.038,0.0
0.0,0.0
4.817,1.616
2.048,0.0
24.072,0.443
0.208,0.095
3.041,3.358
12.638,4.854
0.0,0.602
0.01,0.0
13.938,9.581
1.78,0.014
7.458,4.506
0.235,0.009
0.278,0.033
0.065,0.0
3.886,0.081
15.666,3.651
0.065,0.0
0.403,9.772
0.0,0.0
0.023,0.0
1.254,0.087
42.619,38.172
8.505,16.34
5.619,0.008
0.496,0.736
0.0,0.0
10.91,15.262
0.034,0.0
0.0,0.0
0.877,0.016
1.883,0.346
21.27,3.667
6.806,0.749
104.144,141.862
0.0,0.0
0.0,0.0
0.021,0.012
14.424,11.989
0.0,0.0
8.607,15.849
4.031,1.432
7.729,3.308
31.589,8.506
0.0,0.0
26.513,0.067
0.0,0.0
27.721,2.114
7.14,8.415
26.072,0.0
0.867,0.607
1.025,1.714
0.0,0.0
0.479,0.025
1.865,17.937
0.44,0.0
29.735,31.36
6.385,0.0
23.637,29.382
0.0,0.0
0.176,0.005
11.237,0.2
0.696,0.102
29.309,25.542
0.0,0.003
5.634,2.75
0.342,0.0
0.054,0.0
0.0,0.0
2.954,2.895
0.937,2.01
22.92,12.385
2.197,3.037
64.242,188.475
0.096,0.0
10.636,10.115
0.982,9.338
12.803,1.862
12.691,3.979
0.47,0.0
12.192,4.942
17.547,37.125
0.102,0.0
177.118,26.869
3.233,1.743
61.833,66.25
3.838,2.22
0.155,0.0
0.581,0.017
0.677,0.031
0.15,0.003
5.525,22.331
19.17,1.334
0.773,1.067
16.886,17.323
1.317,0.039
0.016,0.0
3.352,0.0
10.108,9.273
0.013,0.0
1.049,0.253
0.0,0.0
0.044,0.0
24.506,8.093
3.846,1.107
45.045,42.42
0.012,0.017
0.858,0.772
4.04,1.441
6.038,1.367
17.24,13.883
12.266,15.729
0.234,0.627
0.013,0.0
23.903,16.332
0.0,0.0
0.605,0.0
29.2,18.948
0.907,0.449
0.0,0.0
0.79,3.879
5.854,4.073
10.033,11.863
1.699,1.262
0.039,0.0
13.594,47.427
0.026,0.021
62.966,109.403
0.145,0.001
12.938,5.182
1.8,0.004
0.019,0.0
0.044,0.011
0.047,0.0
13.156,20.024
0.0,0.199
2.791,12.734
19.338,22.248
0.02,0.0
15.656,3.346
0.043,0.0
4.862,0.151
4.426,7.655
23.208,7.323
0.017,0.0
7.183,0.455
15.649,12.666
34.663,22.199
15.917,6.539
3.575,0.554
8.133,8.713
2.292,6.002
1.413,0.21
0.0,0.0
6.876,0.007
0.029,0.02
4.67,2.403
9.331,5.786
29.177,42.212
1.419,0.015
0.024,0.0
0.0,0.004
8.307,0.436
17.662,19.668
0.123,0.0
77.843,15.659
9.358,0.104
7.33,2.076
3.313,2.514
70.898,34.212
0.0,0.0
88.387,42.143
9.773,6.824
0.017,0.0
10.895,5.302
0.577,0.0
0.318,0.054
7.348,3.574
0.0,0.0
0.689,0.133
36.866,15.627
0.0,0.0
0.909,0.571
41.782,0.015
0.0,0.0
0.664,0.248
2.429,0.0
1.175,1.358
1.635,0.017
0.0,0.0
25.253,20.756
0.086,0.0
1.779,0.063
7.579,4.321
0.081,0.068
0.013,0.0
14.775,11.226
0.412,0.022
10.695,3.352
8.534,3.877
9.727,17.463
3.473,3.593
0.306,0.014
3.259,2.563
0.588,0.018
80.128,50.685
5.76,5.07
0.0,0.0
5.316,6.234
0.0,0.0
3.607,2.843
4.833,1.969
3.581,1.328
7.14,4.492
22.526,7.691
1.508,4.156
1.529,0.643
4.918,0.112
0.0,0.0
3.453,0.462
0.199,0.465
41.313,36.518
1.465,0.002
0.092,2447.41
8.626,2.674
1.219,0.156
5.226,7.9
34.462,0.083
15.443,10.811
5.119,0.844
2.545,0.641
11.671,10.617
0.083,0.001
2.641,0.53
2.818,1.161
0.241,0.029
0.652,0.038
0.477,0.03
24.168,8.388
0.062,0.0
111.674,0.006
1.354,1.449
5.06,0.005
4.207,21.532
5.328,1.524
30.412,22.237
0.024,0.0
0.0,0.0
2.415,24.949
7.298,0.013
12.043,13.552
3.511,2.644
248.12,23.031
23.161,49.125
5.285,0.779
10.782,0.269
1.765,1.992
0.132,0.069
46.868,40.236
50.89,32.645
0.566,0.0
6.126,1.946
0.0,0.0
599.719,0.631
0.503,0.005
2.987,0.102
1.255,0.102
2.61,4.797
0.071,0.207
0.0,0.0
2.769,1.149
115.568,0.015
0.007,0.0
6.671,2.151
31.506,40.175
18.059,19.767
2.309,1.333
0.029,0.0
0.117,0.0
0.008,0.0
0.066,0.231
1.826,0.23
0.0,0.0
4.249,4.718
0.0,0.0
2.511,2.919
4.893,5.518
0.045,0.003
0.0,0.0
45.356,33.489
0.012,0.0
6.512,6.426
16.216,8.96
26.879,30.311
5.298,4.041
8.447,0.006
18.963,25.291
5.109,0.036
0.093,0.0
0.0,0.0
67.082,130.647
7.707,2.247
2.864,2.532
1.169,0.23
0.01,0.007
22.097,3.186
29.156,5.995
0.775,0.419
0.0,0.011
4.376,1.38
2.424,1.56
247.726,49.038
81.176,4.65
0.0,0.0
0.0,0.0
38.728,82.397
0.0,0.0
0.113,0.006
6.419,26.013
0.972,0.0
8.212,10.18
0.0,0.0
3.3,2.358
2.379,0.415
2.892,3.013
0.0,0.0
31.203,22.799
0.028,0.0
0.0,0.0
0.064,0.0
0.036,0.0
5.738,1.944
6.668,3.19
16.658,9.164
1.193,0.258
0.0,0.002
0.086,0.0
0.028,0.0
12.687,13.11
0.0,0.119
0.0,0.0
3.891,5.632
0.02,0.0
0.0,0.0
0.0,0.0
0.227,0.0
18.178,4.277
10.8,0.433
6.269,5.102
1.028,2.512
0.0,0.0
40.222,57.63
3.835,0.603
5.813,2.511
7.876,2.314
1.615,1.187
0.0,0.0
0.0,0.0
0.016,0.003
0.23,0.068
16.049,18.053
8.311,5.904
0.0,0.0
0.0,0.009
0.045,4726.68
1.249,0.0
1.622,0.904
0.0,0.0
0.0,0.0
0.031,0.0
0.0,0.0
6.08,3.533
0.895,0.094
4.991,2.636
16.409,6.891
0.0,0.0
0.862,0.772
0.0,0.0
0.0,0.0
7.308,3.904
4.349,2.439
0.0,0.0
15.813,22.671
0.0,0.0
0.0,0.0
0.0,0.0
6.356,3.886
0.0,0.0
7.024,1.752
21.266,11.359
27.595,26.472
31.052,20.656
20.96,10.029
0.012,0.0
0.0,0.0
0.042,0.0
24.02,4.265
1.367,9.77
1.219,0.0
1.124,0.053
5.61,0.871
0.026,0.018
0.175,0.383
14.029,15.01
0.017,2.046
3.181,3.41
0.244,0.032
0.462,0.025
9.092,5.228
0.012,0.0
2.417,2.524
4.333,6.924
1.855,1.175
0.03,0.0
16.603,20.99
0.183,0.0
1.408,0.0
50.239,25.842
0.966,0.678
0.046,0.0
2.085,0.083
1.881,1.165
7.627,6.497
0.401,0.058
0.0,0.0
0.0,0.0
0.0,0.003
94.142,0.342
10.182,8.222
6.667,4.239
0.55,0.16
1.835,1.036
2.401,1.653
0.297,0.174
0.0,0.0
77.158,4.892
0.444,0.105
0.0,0.0
0.023,0.0
0.235,0.042
10.817,7.156
0.476,0.0
0.0,0.0
17.506,22.7
0.069,0.0
0.0,0.0
0.019,5.304
1.044,0.495
4.032,2.306
0.182,0.169
0.0,0.0
0.047,0.0
0.0,0.0
1.263,1.224
9.382,0.379
14.498,5.669
0.073,0.0
0.534,0.402
0.063,0.0
0.113,0.0
89.255,58.906
0.066,0.0
1.596,2.818
0.438,0.072
11.819,16.661
0.0,0.0
0.853,0.002
0.0,0.0
2.981,0.035
23.311,23.443
1.4,1.132
0.0,0.0
1.704,0.545
5.037,5.155
0.0,0.0
0.441,0.195
18.892,11.139
1.185,0.569
0.0,0.0
14.686,40.395
12.054,19.058
0.0,0.0
0.055,0.0
27.18,31.654
0.0,0.0
7.435,0.748
1.834,0.714
10.464,9.833
0.013,0.0
12.179,17.75
3.149,3.626
5.205,0.223
0.331,0.007
1.718,0.044
3.284,4.546
39.942,27.294
15.627,7.023
3.139,4.014
0.038,0.0
1.048,3.222
13.742,2.637
0.117,0.004
0.002,0.0
1.571,0.102
7.835,10.606
0.0,0.039
0.111,0.0
0.226,0.035
0.053,0.0
11.669,8.687
0.581,1.217
5.185,2.556
0.228,0.037
7.294,17.684
0.0,0.0
0.0,0.0
3.619,0.415
0.388,258.86
0.553,0.0
3.468,1.509
3.962,1.94
14.613,9.458
0.349,0.0
0.389,0.143
0.112,0.002
0.083,4.872
1.241,1062.18
12.878,14.031
0.199,0.002
0.0,0.028
0.019,13407.5
1.548,2.704
0.0,0.0
0.848,0.289
13.937,6.703
0.359,9.307
3.267,0.071
6.079,5.217
0.0,0.0
0.699,2.239
9.547,0.016
0.0,0.0
1.504,0.046
12.131,0.055
7.927,2.069
19.131,0.074
0.153,0.028
26.633,13.155
0.097,0.003
0.0,0.0
0.0,0.0
0.0,0.0
0.0,0.0
5.12,3.315
0.041,0.035
0.017,0.0
0.0,0.0
0.0,0.0
0.0,0.0
0.0,0.0
0.873,0.337
0.059,0.023
0.276,0.028
0.0,0.0
0.492,1.482
1.716,0.006
0.0,0.0
0.0,0.0
2.291,0.005
0.0,0.0
0.392,0.029
12.836,0.264
0.0,0.0
4.042,8.286
0.01,0.0
0.008,0.0
0.068,0.0
0.615,0.0
0.0,0.0
5.948,7.496
0.0,0.0
0.01,0.0
0.865,0.02
23.985,14.019
0.039,0.013
0.0,0.0
4.504,18.467
0.186,0.311
5.324,3.98
17.715,0.673
0.048,0.252
123.01,33.413
0.195,0.0
2.465,1.101
4.448,0.001
2.438,0.068
20.368,11.457
0.311,0.0
1.304,0.0
0.129,0.0
11.612,6.297
0.136,0.0
19.823,4.796
0.033,0.0
0.0,0.0
0.0,0.0
0.0,0.0
0.0,0.0
0.021,0.041
1.135,0.751
1.057,0.25
14.318,9.609
0.055,0.0
104.099,495.833
2.669,14.594
0.0,0.0
10.274,4.469
0.0,0.0
20.018,2.961
2.186,3.851
0.06,0.003
5.756,0.053
53.022,36.345
8.145,4.314
0.0,0.0
1.381,0.0
9.341,1.137
0.0,0.0
0.0,0.008
0.842,0.038
0.035,0.0
20.133,7.825
1.971,0.205
0.715,0.024
0.608,0.0
0.013,0.0
38.839,62.116
1.747,0.901
0.482,1.124
0.249,0.0
0.326,0.0
3.133,0.006
0.987,0.037
0.219,0.026
11.82,13.226
0.011,0.0
0.038,0.064
439.526,165.842
0.043,0.0
9.608,8.142
0.0,0.0
12.072,5.801
0.0,0.0
6.987,2.879
0.305,0.004
0.0,0.0
0.343,0.0
0.547,0.0
0.043,0.023
0.338,0.39
37.755,13.667
0.523,0.031
0.039,0.035
0.734,1.555
0.08,0.0
0.171,0.0
2.474,4.727
1.105,0.055
0.0,0.0
7.757,6.862
4.813,3.517
6.241,4.415
27.448,8.037
2.31,0.593
0.0,0.0
0.0,0.0
4.586,0.913
3.632,2.393
2.314,0.137
7.408,7.05
8.638,0.002
0.606,0.005
3.514,1.805
0.0,0.0
1.812,0.008
0.181,0.039
4.8,2.48
13.674,9.472
0.167,0.0
14.457,0.07
0.311,0.042
0.0,0.0
0.115,0.027
2.059,0.012
0.0,0.0
30.157,38.794
0.036,0.003
0.0,0.0
4.537,25.148
0.248,0.008
0.469,0.0
0.066,0.027
40.443,10.988
8.151,8.223
22.439,14.39
8.488,4.201
0.0,0.0
0.183,0.0
0.0,0.0
0.0,0.0
4.13,0.182
0.0,0.0
8.757,0.003
2.009,0.0
0.483,0.045
25.966,32.3
0.027,0.005
0.899,0.073
2.985,2.021
2.074,1.294
2.391,1.239
1.024,0.153
3.212,2.804
0.0,0.0
0.514,0.23
0.013,0.0
0.0,0.0
1.438,1.913
0.0,0.0
0.031,0.0
0.337,0.706
0.013,0.016
171.999,15.117
29.522,49.606
131.647,175.504
2.568,0.0
0.0,0.0
0.0,0.0
0.526,0.521
0.446,0.0
7.301,4.95
2.273,0.0
0.0,0.0
0.481,0.002
0.288,0.002
0.012,0.004
0.061,0.977
0.0,0.052
0.0,0.0
0.52,0.0
0.176,0.013
0.129,0.0
0.16,0.147
0.05,0.054
9.567,5.572
7.759,5.446
5.892,0.014
10.562,3.875
0.108,0.026
13.467,7.155
0.0,0.0
0.059,0.004
0.365,0.475
17.492,9.965
2.396,1.231
0.753,0.04
0.067,0.005
0.078,0.2
0.549,0.125
7.681,5.981
0.091,0.0
1.878,29.75
26.518,30.239
6.219,8.561
0.021,0.006
1.958,2.149
0.06,0.093
1.643,0.034
0.015,1.656
24.434,69.562
0.0,0.0
0.548,0.384
0.0,0.005
5.692,0.071
1.818,0.122
0.0,0.0
0.0,0.0
0.138,0.048
0.022,0.051
4.156,3.2
0.362,0.098
0.083,1.176
0.013,0.015
0.976,1.649
0.056,0.001
0.08,0.307
2.707,0.058
11.485,2.557
0.036,0.0
0.022,0.0
7.609,19.487
0.0,0.0
47.31,64.59
2.023,2.235
0.023,0.0
0.035,0.003
1.483,4.832
1.188,1.023
0.251,0.0
0.604,0.0
3.257,0.387
29.262,47.384
9.185,12.594
0.226,0.249
6.526,2.397
3.537,5.886
0.478,0.514
14.494,13.852
0.918,0.522
333.578,831.135
3.486,1.323
18.456,6.895
20.422,20.237
5.192,0.035
0.021,0.0
2.892,2.263
0.0,0.256
0.286,0.056
0.109,21.155
0.159,0.0
3.551,2.578
21.932,1.882
0.196,1.811
3.433,2.549
0.059,0.0
0.024,0.0
2.246,1.407
12.552,11.867
0.0,0.0
3.608,2.288
0.093,0.094
6.567,2.883
9.316,0.099
0.0,0.0
0.0,0.0
0.0,0.0
16.136,21.505
3.153,1.839
8.74,15.218
1.832,1.371
4.459,1.476
0.0,0.025
1.066,8.649
0.0,0.0
0.162,0.055
0.0,0.0
0.653,0.0
0.0,0.0
0.092,0.025
0.277,0.029
1.262,0.096
0.0,0.0
5.097,5.422
0.0,0.0
9.754,3.363
0.025,0.043
2.418,0.0
4.983,0.07
21.126,8.175
134.936,61.771
0.025,0.38
24.258,0.128
21.024,3.046
1.056,1.671
0.285,0.892
0.102,0.094
1.481,0.0
1.724,0.0
4.765,10.28
0.09,0.01
12.25,5.582
305.503,0.273
2.261,0.77
2.018,2.663
30.681,32.72
0.0,0.0
6.593,1.722
21.559,7.914
0.01,0.0
0.048,0.0
1.17,0.029
0.042,0.046
19.569,5.912
23.686,17.57
10.158,2.455
0.767,0.5
220.494,135.27
1.575,0.7
3.248,0.0
0.032,154.405
0.113,0.042
2.317,0.548
11.516,16.056
4.031,5.977
60.746,1198.45
11.371,3.139
0.007,0.003
0.0,0.0
0.584,0.333
3.195,0.174
0.026,0.0
0.026,0.0
16.876,12.415
0.045,0.012
1.269,0.095
0.215,0.072
9.767,13.172
0.0,0.0
16.685,21.726
15.584,0.13
0.0,0.0
0.0,0.0
24.481,16.541
0.0,0.0
0.019,0.0
0.907,0.087
7.513,6.008
0.041,0.223
15.145,9.01
6.362,0.312
0.232,0.374
5.734,1.853
0.071,0.01
2.626,0.218
0.663,0.197
0.063,0.0
0.0,0.0
0.051,0.0
0.396,0.02
0.021,0.016
0.338,0.036
0.0,0.0
5.199,3.277
3.679,15.767
0.0,0.012
3.095,1.899
0.151,0.0
10.526,4.071
6.781,2.427
0.33,0.0
0.0,0.0
2.586,0.137
4.508,0.765
0.0,0.003
0.889,0.394
4.008,1.057
0.088,0.087
0.699,0.015
2.006,0.0
0.359,0.097
1.105,1.385
0.0,0.0
6.632,3.424
1.154,0.318
0.104,0.022
0.034,0.008
32.772,18.443
0.231,0.012
0.378,0.255
0.0,0.0
1.189,192.76
0.059,0.202
8.216,9.118
0.856,0.129
0.0,0.0
0.022,0.0
16.452,9.67
0.064,0.045
0.321,0.0
9.199,11.392
34.996,41.648
0.096,0.018
0.013,0.0
45.198,42.028
1.71,0.875
0.0,0.0
0.025,0.0
0.04,0.158
8.086,3.533
0.382,0.135
3.324,7.341
0.184,1.153
7.782,4.681
0.038,0.0
0.75,0.0
0.0,0.0
4.531,2.408
57.439,39.312
0.152,0.065
8.132,8.855
10.413,5.934
0.028,0.071
0.094,0.048
8.781,0.015
10.883,13.592
4.557,0.405
95.585,18.018
20.928,0.0
68.207,111.256
0.035,0.0
9.833,7.362
0.021,0.193
74.078,39.625
0.824,0.0
0.0,0.0
0.077,0.162
7.896,7.72
2.103,4.744
0.139,0.007
2.389,0.146
0.0,0.0
0.0,0.335
0.0,0.0
15.543,7.353
0.675,0.624
0.65,0.0
1.899,2.116
35.448,40.907
1.26,0.599
0.134,0.019
0.0,0.0
18.512,70.775
7.052,3.471
0.043,0.0
0.011,0.007
1.607,0.012
4.592,4.89
0.317,0.275
0.511,0.025
4.091,23.185
8.211,2.682
0.179,0.0
30.921,68.265
0.0,0.0
0.0,0.0
35.061,18.76
0.179,0.018
0.051,0.0
0.476,246.511
1.472,0.304
0.102,0.0
2.162,1.778
0.509,0.0
15.843,30.156
7.976,5.115
11.959,7.67
11.755,0.0
0.012,0.0
0.0,0.0
0.0,0.004
13.5,1360.13
2.122,0.872
17.764,6.129
0.031,0.0
0.072,0.023
2.618,1.907
1.473,0.121
1.864,0.002
5.413,2.142
0.018,0.0
9.71,6.976
0.063,0.0
0.0,0.006
55.432,21.53
1.301,0.016
1.174,13.084
0.101,0.0
0.0,8.818
0.0,0.018
13.139,22.13
4.561,0.171
4.024,2.551
4.352,17.575
0.04,0.0
0.016,0.0
0.13,0.0
0.0,0.0
0.0,0.0
0.072,0.0
1.072,0.005
1.191,1.996
6.444,5.053
3.123,2.669
0.207,0.0
13.985,5.935
2.672,0.392
0.0,0.0
0.603,0.021
23.513,4.186
16.766,19.664
16.773,33.214
2.044,2.179
6.345,2.484
2.926,6.333
90.36,9.872
10.24,0.319
0.0,0.0
0.598,0.475
0.019,0.0
0.152,0.0
0.031,0.0
0.0,0.0
3.052,0.192
1.212,2.5
11.63,1.782
21.394,6.212
0.0,0.0
10.902,6.589
0.264,0.587
1.898,2.78
0.951,2.775
15.351,8.431
15.531,0.119
0.01,1.591
6.879,4.941
0.53,0.074
0.584,2.666
0.0,0.0
0.883,0.524
9.885,6.54
0.0,0.0
908.09,1258.78
4.502,2.39
47.551,49.259
10.542,13.457
0.0,0.0
0.016,0.0
6.479,1.446
0.0,0.202
0.0,0.02
187.185,307.189
0.742,0.914
0.0,0.0
1.513,1.289
3.759,0.478
1.697,0.621
0.008,0.006
5.189,2.206
21.366,24.441
3.125,0.383
64.768,42.482
7.977,12.774
25.845,6.089
11.359,4.49
0.047,0.0
0.071,0.005
5.359,6.326
0.2,1.467
0.101,0.0
0.616,1.753
1.799,0.08
0.0,0.0
0.014,0.005
1.042,0.603
0.838,0.0
67.543,6.511
0.217,0.34
0.229,0.009
1.282,1.099
0.442,0.109
0.331,0.006
33.706,33.984
0.138,0.007
57.296,42.629
0.819,0.145
17.102,11.929
5.153,13.455
3.174,0.641
10.511,12.277
0.656,6.711
1.112,0.006
2.224,1.219
0.814,0.006
2.54,2.457
0.9,0.281
0.699,1.216
46.409,96.131
0.0,0.0
14.677,2.554
7.154,0.0
0.017,0.009
0.401,0.245
0.956,1.396
22.319,33.879
1.209,0.026
2.711,2.035
2.688,0.979
136.739,116.434
0.274,0.402
11.379,4.649
0.761,0.0
13.442,8.543
0.395,0.0
0.0,0.02
4.095,4.668
3.13,0.878
0.624,0.066
23.028,26.391
12.866,9.323
12.216,17.956
7.394,0.998
2.968,1.83
4.2,5.909
0.182,0.441
15.731,12.551
1.426,0.647
0.058,0.013
10.734,5.811
0.0,0.0
14.327,2.518
0.218,0.032
33.334,22.533
32.684,3.912
11.11,3.939
0.642,0.796
27.014,19.589
4.838,5.805
7.466,9.997
18.958,16.17
0.298,0.204
7.53,7.799
7.721,11.95
81.224,24.627
2.591,4.192
1.045,0.0
14.707,12.461
0.0,0.0
48.489,0.173
5.047,9.047
17.879,3.243
5.77,1.924
11.313,3.24
5.884,0.013
0.27,0.229
28.569,16.041
332.528,0.011
0.134,0.311
0.005,0.0
36.668,59.565
0.0,0.0
9.317,3.436
11.73,3.187
7.973,10.015
9.533,3.541
0.0,0.15
13.936,9.16
2.061,0.578
0.036,0.0
0.253,0.007
1.371,1.416
21.271,21.741
0.01,0.002
0.776,0.007
0.426,0.069
6.886,3.094
1.644,0.214
13.982,6.924
2.54,1.27
20.984,11.408
2.856,1.923
3.016,0.872
2.991,0.202
6.03,5.608
1.059,1.801
11.264,23.932
2.346,3.631
1.489,0.005
0.0,0.0
3.86,5.643
0.564,0.0
0.439,0.003
7.234,2.93
9.455,4.246
100.871,58.291
5.696,0.206
3.361,1.284
0.196,0.0
5.18,2.085
20.535,3.724
43.013,55.158
5.928,2.603
0.065,0.0
9.765,10.885
20.13,10.637
0.953,0.668
5.639,2.593
0.0,0.737
0.028,0.0
5.856,2.139
3.078,0.431
19.703,87.057
7.183,2.719
0.296,0.048
0.863,5445.07
11.073,2.791
0.116,0.0
0.0,0.0
0.0,0.0
0.375,0.019
23.772,9.802
0.0,0.007
16.879,8.306
2.326,0.592
5.489,1.479
14.528,9.869
3.536,1.011
1.162,0.773
0.0,0.0
0.03,0.11
8.345,1.816
0.0,0.005
2.812,0.971
2.837,1.473
38.44,41.436
1.695,0.472
0.0,0.0
0.067,0.167
39.683,12.055
12.055,2.153
0.05,0.0
9.48,12.995
0.268,0.0
0.071,0.0
0.734,1.581
8.039,5.857
10.236,6.087
1.172,1.677
0.496,2.872
2.212,3.496
1.08,0.44
10.357,956.98
2.944,1.251
0.017,0.0
4.917,0.761
9.105,4.744
0.8,4.079
4.467,2.739
28.659,36.919
184.7,318.377
0.761,0.0
0.264,0.006
3.678,7.146
0.046,0.0
18.208,15.947
12.656,14.686
0.082,0.0
0.074,0.008
16.205,16.225
6.085,12.429
0.0,0.0
68.571,73.779
1.661,0.136
0.764,1.554
2.512,2.444
10.361,11.75
8.069,17.553
29.916,5.07
0.0,0.0
2.861,1.359
0.044,0.005
0.46,0.0
1.431,0.373
15.231,18.124
64.285,35.588
7.423,1.399
3.712,1.025
1.211,0.85
4.74,29.383
6.681,1.158
9.716,14.09
8.047,5.992
6.226,5.299
22.985,22.839
1.748,0.672
14.498,6.922
0.529,0.023
2.761,0.086
2.533,1.248
0.806,0.454
8.333,6.049
0.008,0.003
7.204,6.952
18.211,11.665
16.868,44.216
2.941,5.476
0.097,0.0
23.55,22.561
0.0,3.202
6.325,4.246
34.502,32.681
0.922,0.109
0.0,0.0
149.205,36.985
15.665,5.592
14.209,3.979
3.258,2.351
9.834,19.49
0.0,0.0
1.906,0.01
0.0,0.0
2.245,1.496
2.65,0.006
25.271,16.302
0.131,0.017
7.683,0.187
6.396,0.712
8.25,7.932
6.921,4.965
65.074,77.966
5.501,2.321
3.546,0.502
0.065,0.036
23.574,21.29
27.861,0.0
0.023,0.0
3.176,0.008
2.394,2.85
10.133,1.825
1.475,2.616
2.747,2.092
0.119,0.157
13.249,12.178
9.323,3.499
20.826,28.469
0.031,0.005
4.758,2.7
0.0,0.0
0.183,0.0
218.476,47.611
22.854,6.55
5.67,4.91
0.0,0.0
0.0,0.0
17.077,15.972
0.041,0.0
0.0,0.0
5.393,2.598
1.633,1.379
10.548,1.937
1.514,0.03
8.271,4.901
8.445,3.263
0.004,0.002
2.316,0.937
0.188,0.0
9.46,7.117
7.127,17.123
0.011,0.0
24.152,7.731
33.383,51.329
7.724,7.7
14.16,8.171
0.0,0.0
10.434,2.64
0.565,0.01
0.45,0.181
3.624,3.59
1.362,0.617
0.0,0.0
7.936,3.951
2.695,2.663
0.0,0.0
0.969,0.041
7.352,7.089
0.664,3.9
9.708,9.318
0.0,0.0
1.698,0.072
0.225,0.0
0.014,0.005
10.1,4.851
0.224,0.043
0.006,0.0
3.237,0.03
0.0,0.0
10.677,14.391
0.0,0.0
0.0,0.0
4.415,4.588
0.0,0.0
0.0,0.0
3.959,2.679
2.433,0.348
0.033,0.0
0.108,0.0
23.522,34.877
112.023,130.17
0.0,0.0
36.414,14.938
5.163,19.197
9.334,13.582
2.448,0.0
1.39,1.642
8.182,0.002
2.14,0.328
0.0,0.002
0.55,0.034
5.193,1.387
0.0,0.0
7.95,0.005
0.749,0.328
28.037,13.178
0.308,0.054
0.507,0.129
0.074,0.0
0.058,0.003
6.986,2.542
0.0,0.0
13.354,16.386
1.251,0.041
3.786,0.017
3.328,5.509
7.478,7.903
2.887,2.948
0.252,0.0
17.608,5.669
9.386,12.464
3.4,15.97
1.415,0.521
11.958,1.252
3.686,1.069
10.852,11.559
0.509,0.446
0.264,0.0
23.944,52.786
4.028,0.0
0.0,0.0
12.057,0.114
0.0,0.0
0.749,0.013
16.741,25.778
3.021,2.286
0.322,0.008
5.722,2.235
0.472,4.076
0.516,0.0
2.099,1.396
2.763,3.598
33.766,50.374
0.0,0.0
30.835,20.822
2.714,0.208
0.0,3.041
0.973,8.143
1.324,0.351
0.0,0.0
0.074,0.029
0.0,0.0
0.114,0.01
0.0,0.0
3.628,2.7
0.0,0.0
0.286,0.011
36.526,34.223
9.929,3.716
0.538,2.147
9.201,1.713
9.552,15.908
1.66,0.0
0.0,0.0
15.759,32.611
23.456,24.131
2.808,13.024
1.638,0.004
0.035,0.0
11.458,6.901
0.265,0.02
0.0,0.0
426.792,670.077
160.748,659.617
0.126,0.064
0.051,0.005
3.534,2.248
3.832,2.796
12.246,0.922
0.024,0.0
0.14,0.0
21.026,32.83
2.508,2.567
0.0,0.0
1.076,0.055
1.596,1.41
22.456,15.514
2.752,1.565
27.171,28.325
0.0,0.0
0.0,0.0
6.428,6.352
2.139,0.672
2.5,0.206
0.858,0.192
6.492,1.616
3.022,1.719
0.005,0.011
0.754,1.838
0.012,0.0
3.249,1.229
4.964,2.308
0.0,0.0
0.821,2.087
2.808,1.035
70.059,46.583
0.518,0.005
6.033,4.16
1.04,0.993
0.33,0.424
39.184,85.034
0.02,0.007
4.028,3.095
0.0,0.0
0.114,0.0
0.089,0.061
0.0,0.0
4.209,1.235
0.019,0.0
36.267,87.391
0.018,0.0
245.25,36.035
22.127,12.7
0.0,0.042
24.688,20.933
7.422,2.389
0.0,0.0
0.0,0.012
0.102,0.017
1.122,1.018
0.232,0.245
45.087,42.355
19.681,0.976
3.88,2.344
2.01,1.312
2.352,2.433
0.0,0.0
4.008,2.835
4.966,5.313
3.644,7.182
0.0,0.0
254.811,1428.68
0.171,0.781
11.066,3.905
25.954,60.206
5.367,4.816
4.205,6.301
18.794,10.787
12.082,0.0
3.733,0.196
0.227,0.022
21.375,14.694
0.009,0.002
0.01,0.0
5.057,0.021
10.354,5.714
6.049,4.304
0.698,0.13
0.058,0.004
4.492,19.439
0.013,0.0
2.364,0.0
8.846,7.019
1.886,0.042
1.209,0.0
3.019,1.712
2.538,0.47
3.315,1.048
15.268,12.802
1.884,0.725
0.0,0.0
18.368,41.964
3.463,0.0
19.467,15.144
16.519,8.503
11.767,8.776
0.206,0.0
28.802,3.628
6.457,4.05
1.014,0.0
0.0,0.0
6.01,5.039
0.025,0.0
0.0,0.0
19.64,6.892
5.091,4.772
5.36,2.203
0.0,0.0
0.131,0.055
4.077,3.929
2.397,0.0
0.0,0.0
4.67,1.258
0.201,0.062
0.464,0.317
11.842,0.171
11.455,19.525
1.539,0.0
0.0,0.0
0.0,0.0
3.937,1.998
11.011,13.666
2.527,0.851
8.625,14.17
17.481,11.165
1.989,0.162
0.491,0.0
1.456,0.431
15.454,0.848
10.134,4.569
0.051,0.139
11.8,6.669
9.708,1.47
6.465,2.038
37.423,24.178
0.0,0.0
59.824,93.4
0.055,0.0
3.15,1.968
0.08,0.0
1.676,1.604
41.066,3.447
5.971,3.974
1.72,0.0
1.298,1.342
71.97,78.319
0.041,0.0
28.476,37.573
1.113,0.0
27.742,18.749
0.0,0.0
0.0,0.0
47.317,41.154
4.8,1.568
0.0,0.0
12.135,6.066
134.163,199.651
14.499,8.147
2.502,2.334
0.0,0.0
30.184,21.603
0.0,0.031
4.064,2.891
2.093,2.448
24.441,0.0
18.393,14.49
0.377,0.008
12.824,4.479
6.029,2.682
0.026,0.0
0.0,3.809
6.22,4.616
14.553,0.015
2.687,0.182
0.704,0.127
2.101,1.052
3.684,2.115
0.078,0.0
28.731,11.646
65.257,139.447
31.106,21.898
1.287,0.621
19.703,25.059
15.008,7.841
1.448,6.711
21.983,10.713
7.469,3.983
0.0,0.0
2.536,0.809
0.089,0.0
5.273,3.544
1.143,0.0
23.803,12.108
19.014,5.618
11.233,11.073
1.624,0.221
58.357,34.166
8.228,0.354
1.248,0.473
0.017,0.0
12.278,0.729
0.005,0.0
0.917,0.493
0.0,0.0
7.46,4.037
5.607,4.067
8.378,3.647
31.893,67.102
0.0,0.0
5.819,0.158
6.554,1.627
3.461,2.934
0.212,0.687
0.117,0.0
34.459,49.052
5.793,2.894
10.378,5.199
0.455,0.127
0.978,6.379
0.072,0.136
22.18,2.549
5.436,11.316
10.271,0.113
5.95,0.822
18.708,31.047
0.054,0.0
0.12,0.0
4.784,5.789
1.338,0.148
10.144,11.467
7.178,3.972
2.535,1.644
13.756,7.928
0.103,0.243
5.353,1.031
0.177,1.49
37.582,73.822
83.974,110.27
0.0,0.008
0.157,0.013
0.116,0.0
7.957,0.0
0.146,0.037
1.803,0.214
0.675,0.103
4.975,3.057
13.402,4.205
6.506,14.477
0.857,0.055
0.207,0.0
7.509,3.189
0.082,0.0
15.652,11.9
0.073,1.051
21.753,37.449
6.029,1.589
14.522,2.632
0.879,0.047
0.131,0.0
8.919,7.992
0.039,0.0
16.059,9.37
15.418,13.782
0.691,0.004
0.0,0.0
22.349,17.382
37.824,81.861
0.0,0.0
0.385,0.076
20.68,23.408
4.168,4.34
8.404,0.0
6.31,5.778
0.0,0.0
7.626,13.422
10.292,7.892
0.576,0.108
4.114,0.0
23.212,31.323
0.0,0.0
4.71,1.497
0.167,0.0
24.229,7.191
2.817,2.298
1.375,12.041
11.836,6.291
20.607,15.129
9.662,10.805
0.313,0.008
43.337,69.59
3.32,32.949
15.774,8.067
10.735,6.952
7.214,0.008
13.971,18.981
0.0,0.0
0.469,0.0
10.288,2.581
11.1,18.574
14.185,3.707
7.465,8.047
1.713,0.916
24.696,33.812
4.243,5.788
0.471,0.268
3.561,0.018
4.38,0.0
0.066,0.116
0.0,0.0
5.984,1.328
4.458,1.752
2.467,4.062
5.385,4.108
11.903,9.291
0.008,0.0
0.027,0.003
23.82,21.619
30.558,32.713
13.928,20.281
7.241,0.665
5.972,0.009
3.044,0.004
0.139,0.064
0.037,0.0
4.622,3.196
19.661,86.885
1.431,0.55
0.017,0.0
7.704,0.971
18.426,15.367
38.941,11.145
20.596,17.074
2.064,0.025
0.0,0.0
24.375,13.861
14.708,6.953
23.111,8.476
0.164,0.0
201.957,50.734
3.861,3.68
25.671,16.657
0.758,0.156
18.825,11.272
22.483,10.783
0.107,0.011
9.642,4.483
9.306,16.113
0.08,0.0
29.047,46.399
0.057,0.003
15.995,0.016
15.61,0.029
28.513,0.0
6.782,9.089
0.0,0.092
2.496,0.49
68.287,51.59
44.061,39.187
26.906,16.203
11.544,5.909
9.895,13.13
0.327,0.883
0.25,0.071
5.182,3.067
8.294,7.825
27.678,27.966
0.0,0.0
6.168,0.074
0.248,0.057
0.013,0.0
4.233,0.12
13.813,5.963
0.0,0.0
14.762,16.03
9.947,9.154
8.753,8.215
26.636,17.616
64.432,11.181
36.095,41.405
1.145,1.144
16.185,10.512
24.782,18.959
58.034,47.088
10.214,16.589
0.078,0.0
0.762,0.148
15.803,10.942
5.876,2.396
7.826,3.271
6.591,3.044
29.609,26.018
1.486,0.176
16.142,0.0
165.038,128.638
0.844,0.052
8.23,1.991
1.86,1.101
24.433,28.276
0.365,0.04
0.572,0.072
2.908,4.229
0.159,0.0
1.503,2.424
0.663,1.514
18.727,18.173
34.323,23.114
12.487,34.571
25.039,68.002
9.148,9.406
42.246,23.736
2.113,0.06
8.596,8.24
0.0,0.0
0.0,0.0
0.106,0.0
0.216,0.038
2.674,2.41
0.868,0.211
0.034,0.0
28.462,43.276
6.208,11.896
30.777,1.259
0.0,0.0
0.0,0.0
0.031,0.013
1.467,0.299
14.137,6.832
13.39,4.278
1.172,0.222
0.102,0.0
0.012,0.0
0.0,0.0
0.494,1.289
6.381,4.958
1.761,3.543
0.345,0.09
0.022,0.007
0.24,0.391
0.573,0.034
0.758,17.629
4.942,2.889
0.695,1.025
0.0,0.0
0.008,0.003
0.11,0.0
0.163,0.0
0.014,0.0
0.246,0.0
0.0,0.0
23.713,30.654
0.289,0.366
2.669,1.39
0.423,0.88
0.0,0.0
0.122,0.059
0.0,0.0
0.0,0.04
0.017,0.648
6.623,3.298
0.0,0.0
1.381,0.347
0.354,0.043
1.054,0.176
0.203,0.284
2.135,0.671
51.073,34.589
16.403,4.687
2.597,2.423
1.348,0.877
9.487,0.949
0.381,2.238
10.839,7.301
2.829,3.143
4.455,3.378
0.221,37.222
1.619,0.709
0.0,0.042
0.267,0.0
0.018,0.03
0.0,0.04
0.856,0.608
0.721,0.002
0.033,0.0
0.266,0.102
0.627,0.135
0.122,0.032
0.196,0.057
47.278,51.235
18.801,4.028
5.538,0.004
20.615,2.002
0.327,0.005
0.58,0.0
0.198,0.0
0.0,0.0
0.0,0.0
0.0,0.0
0.0,0.0
1.741,0.0
0.582,0.004
0.0,0.0
0.095,0.035
0.408,0.183
0.379,0.025
62.325,41.747
0.033,0.0
0.653,0.012
0.0,0.0
1.834,0.836
0.0,0.0
0.0,0.0
0.607,0.0
0.0,0.0
20.283,0.0
11.97,4.495
3.058,0.079
0.07,0.0
0.602,0.0
0.0,0.0
0.0,0.0
0.0,0.0
0.0,0.0
5.814,0.0
0.068,0.0
0.0,0.406
0.0,0.0
0.0,0.0
0.033,0.007
0.0,0.034
1.285,0.814
1.74,0.0
0.0,0.006
6.225,9.878
0.016,0.138
4.873,1.923
0.178,0.09
3.363,0.0
5.976,0.194
4.936,2.362
0.077,0.012
2.646,2.075
0.124,0.0
0.0,0.0
8.969,7.906
9.134,0.201
3.688,2.88
0.551,0.036
19.553,2.671
0.115,0.0
1.548,1.04
15.483,4.347
10.096,19.942
12.804,11.873
3.271,0.0
1.49,0.0
3.484,0.955
1.516,1.4
0.011,0.089
0.169,0.42
0.207,0.116
0.619,0.088
13.665,8.643
0.024,0.0
0.186,0.008
3.283,1.298
0.058,0.0
0.0,0.0
0.003,0.0
0.0,0.0
27.764,18.184
7.804,14.158
4.865,0.266
15.655,7.705
29.696,17.654
15.145,19.184
19.537,17.058
30.624,16.769
0.0,0.0
2.397,0.051
0.0,0.0
0.021,0.195
57.863,45.59
3.435,0.713
10.17,12.908
19.704,24.26
13.424,19.772
3.111,1.605
0.041,0.004
0.017,0.0
0.0,0.0
5.945,0.04
0.0,0.0
7.509,0.034
0.0,0.05
17.52,0.0
0.0,0.0
0.0,0.0
0.0,0.0
0.304,0.11
28.197,15.427
7.101,1.394
0.0,0.0
44.401,18.702
59.498,57.735
0.783,0.282
4.393,0.242
6.618,5.569
0.131,0.009
0.405,0.554
18.566,0.007
0.011,0.008
5.189,4.938
0.0,0.0
0.105,0.0
11.493,8.582
19.162,16.676
1.33,6.005
47.464,29.683
0.04,0.032
0.0,0.077
0.04,0.0
7.189,0.952
46.18,32.291
26.292,10.448
0.199,0.0
0.207,0.0
4.61,1.238
0.219,0.0
1.743,2.79
0.257,0.0
1.722,0.0
17.922,19.077
98.257,46.073
107.085,66.197
115.581,81.014
0.858,0.36
69.031,67.933
0.0,0.0
56.137,30.383
1.511,0.469
2.478,2.644
0.0,0.0
0.072,0.0
1.854,2.955
22.256,4.174
0.0,0.0
0.044,0.077
0.828,0.499
0.0,0.0
11.681,8.201
1.146,0.268
65.761,21.109
9.755,7.811
9.644,9.117
1.211,0.007
23.267,1.244
0.011,0.009
0.0,0.003
102.045,46.344
0.0,0.0
105.322,28.62
11.161,0.0
0.0,0.0
0.0,0.0
0.0,0.0
0.0,0.0
0.0,0.01
0.209,0.003
0.0,0.0
0.0,0.0
0.0,0.0
0.0,0.01
13.461,6.043
0.069,0.0
0.058,0.0
0.0,0.0
0.0,0.0
0.216,0.028
0.135,0.0
0.412,0.0
1.563,1.589
15.229,23.125
0.027,0.0
3.357,5.689
9.645,14.76
3.167,2.164
146.688,173.065
18.963,0.3
0.011,0.039
0.058,0.0
10.069,6.553
0.187,0.006
0.754,2.874
0.27,0.886
0.004,0.311
0.136,0.002
0.0,0.0
20.814,22.692
0.0,0.0
15.219,4.292
0.0,0.0
22.468,25.253
0.0,0.0
0.064,0.013
48.846,32.135
12.193,2.971
0.109,0.004
21.159,50.035
10.827,8.245
83.563,67.143
0.033,0.034
10.939,7.184
5.861,5.656
2.875,0.017
4.878,2.612
0.614,0.0
0.641,0.0
0.009,0.0
0.134,0.034
1.12,3.513
36.029,27.688
0.371,0.152
0.671,0.018
269.92,540.681
1.062,4.227
6.424,7.382
0.0,0.0
2.077,6.746
0.04,0.842
0.065,0.0
0.017,0.0
0.278,0.0
0.054,0.0
0.0,0.0
0.055,0.0
0.046,0.004
0.0,0.0
0.09,0.0
0.0,0.0
18.534,19.896
0.119,0.0
8.537,5.701
2.248,1.663
0.013,0.0
0.0,0.0
0.012,0.0
0.0,0.0
0.0,0.0
0.0,0.0
0.046,0.0
0.0,0.0
0.0,0.0
0.0,0.0
0.613,0.062
2.468,0.0
0.202,0.291
18.8,17.038
0.258,0.0
0.0,0.0
0.737,0.306
0.842,8.139
30.428,29.509
0.028,0.026
1.942,1.389
0.02,0.027
1.33,0.455
0.0,0.0
0.884,0.158
0.459,0.015
0.035,0.007
5.837,3.763
9.724,2.695
24.866,45.41
0.03,0.0
0.02,0.0
0.072,0.059
0.075,0.012
4.084,2.077
16.004,9.645
5.562,3.827
0.987,0.368
0.125,0.852
0.0,0.021
0.0,0.0
0.617,0.04
0.148,0.013
0.078,0.004
0.0,0.0
0.252,0.0
0.0,0.0
37.304,7.75
0.313,0.028
0.201,0.0
0.019,0.0
0.0,0.0
0.0,0.0
2.15,0.539
11.412,10.166
1.117,1.176
0.0,0.02
0.0,0.0
0.0,0.02
0.467,0.166
0.396,0.377
6.106,2.98
1.111,1.623
1.119,0.04
0.0,0.0
6.042,3.841
29.881,23.536
0.193,0.071
0.0,0.0
0.911,1.552
1.619,2.794
1.766,2.839
1.616,2.718
1.703,2.758
1.412,2.456
1.582,2.732
5.596,2.922
0.114,0.0
0.0,0.0
25.865,0.0
10.591,1.731
0.312,3.676
0.648,0.051
1.29,1.159
0.001,0.0
0.054,0.0
0.0,0.0
0.0,0.0
0.21,0.0
0.0,0.0
0.0,0.0
0.406,0.303
0.0,0.002
0.021,0.0
1.388,0.673
0.048,0.043
4.607,0.922
0.0,0.0
12.071,8.916
0.174,201.285
2.292,1.62
0.063,0.0
8.654,10.472
0.554,0.194
0.073,0.0
0.261,0.09
0.93,0.063
0.041,0.0
0.133,0.067
0.041,0.0
0.072,0.025
0.0,0.0
3.096,0.566
8.545,3.375
16.932,14.218
0.13,0.041
2.292,0.08
0.152,0.0
61.857,42.276
0.0,0.0
0.006,0.0
1.229,8.0
0.0,0.0
4.463,0.286
15.676,5.492
0.224,0.028
0.335,0.0
12.445,15.677
0.162,0.031
24.55,11.185
2.757,0.039
0.557,0.0
21.174,4.122
0.01,0.0
75.179,73.781
0.263,0.01
9.927,5.585
3.939,0.019
0.083,0.009
0.061,0.014
0.327,0.097
0.078,0.0
0.0,0.0
21.015,16.219
21.258,3.615
6.322,1.171
0.042,0.0
17.98,16.347
0.0,0.433
0.0,0.0
0.0,0.0
0.0,0.0
0.04,0.0
0.09,0.005
22.396,55.469
66.462,41.146
41.097,17.032
3.931,0.872
0.325,0.0
0.065,0.0
0.0,0.0
3.533,0.426
1.262,0.036
6.906,0.211
12.693,0.159
0.0,0.0
4.142,4.116
0.0,0.0
0.088,6147.63
10.888,12.745
7.381,80.837
2.292,0.0
0.0,0.0
0.0,0.0
0.0,0.0
0.0,0.0
0.0,0.0
0.227,0.019
1.488,0.541
11.067,9.285
0.0,0.0
0.0,0.0
0.0,0.0
0.054,0.0
4.872,0.121
38.147,38.509
3.946,4.251
654.22,447.851
77.44,65.996
0.0,0.0
11.429,2.724
22.259,12.71
5.986,4.133
69.03,26.37
6.492,1.102
0.247,0.393
5.421,1.05
2.545,354.685
71.051,203.685
25.152,23.772
0.0,0.0
2.01,4.7
0.282,0.0
5.901,4.832
0.0,0.0
0.0,0.0
4.716,2.918
5.585,4.257
0.023,0.0
0.036,0.012
4.834,2.589
0.0,0.0
1.318,0.219
0.378,0.285
8.825,2.53
0.461,0.389
0.0,0.075
5.902,3.772
10.26,12.566
0.06,0.002
3.332,0.194
0.0,0.01
0.048,0.0
0.247,0.012
6.555,3.142
24.278,11.508
13.399,0.0
7.122,0.0
2.833,0.101
0.064,0.0
0.0,0.0
2.773,0.0
0.0,0.0
0.549,0.199
0.612,0.241
5.75,5.558
15.511,0.063
9.651,0.086
1.794,0.401
0.207,0.005
0.011,0.0
0.186,0.016
0.051,0.0
0.0,0.0
0.523,0.053
0.0,0.0
0.0,0.0
0.0,0.0
0.0,0.0
0.0,0.013
0.096,0.0
0.0,0.0
3.678,2.38
0.0,0.028
0.0,0.0
0.058,0.0
0.039,0.0
0.0,0.0
0.337,0.027
0.01,0.0
1.083,0.77
0.018,0.011
0.0,0.008
0.784,0.0
0.0,0.0
0.226,0.048
131.805,108.781
0.052,0.0
0.0,0.0
2.548,2.673
9.762,4.559
0.0,0.0
0.0,0.0
0.0,0.0
0.0,0.0
0.0,0.0
1.109,0.0
62.831,74.059
0.0,0.119
0.374,1.365
2.665,409.433
1.08,0.05
6.216,0.436
0.0,0.0
0.0,0.0
0.0,0.0
0.0,0.0
0.0,0.0
0.409,0.15
0.0,0.008
0.037,0.0
0.468,0.0
0.0,0.0
346.75,0.359
189.071,0.008
0.0,0.0
1.398,0.002
13.926,0.0
0.33,0.921
0.0,0.0
8.524,0.0
0.0,0.0
1.255,0.063
2.899,0.041
0.027,0.003
22.907,10.254
0.0,0.0
0.793,0.0
0.0,0.0
2.469,2.632
210.504,207.071
21.584,62.569
1.441,0.194
0.0,0.004
0.661,0.089
2.839,1.318
0.0,0.0
2.885,2.1
0.201,0.025
8.155,0.019
0.227,0.08
13.977,8.354
0.503,0.059
3.32,2.546
0.032,0.0
44.209,1.162
2.131,0.01
47.991,39.209
1.435,0.562
0.915,0.0
7.367,3.31
12.13,5.915
30.381,24.059
8.668,5.743
0.017,0.05
4.763,0.999
0.537,0.046
0.172,0.0
3.347,1.281
0.105,0.003
1.749,1.483
0.0,0.009
0.021,0.03
0.0,0.0
2.232,0.74
0.254,0.0
0.0,0.022
0.0,0.0
0.0,0.0
2.815,3.246
0.0,0.0
0.015,0.0
1.135,3.02
0.166,0.019
3.516,0.773
0.662,0.0
10.177,5.292
0.013,0.0
0.0,0.023
14.502,0.089
0.0,0.0
0.0,0.021
1.561,0.0
0.45,0.253
0.012,0.0
0.0,0.0
0.0,0.0
0.0,0.0
0.116,0.002
2.335,0.12
0.0,0.0
0.0,0.082
0.0,0.0
0.014,0.015
41.75,4.148
3.277,2.509
0.032,13.994
0.836,0.0
48.037,15.322
9.116,3.575
0.084,0.295
2.388,1.139
0.742,0.032
5.602,41.927
12.203,3.858
0.304,0.0
18.562,15.983
0.405,0.292
0.259,0.0
6.876,1.995
0.0,0.012
8.641,16.333
0.67,0.029
2.651,1.378
17.936,0.053
11.838,1.546
0.038,0.0
3.141,3.338
4.091,1.668
12.142,11.72
4.27,0.176
0.308,0.0
3.042,2.382
4.911,0.951
2.048,10.088
0.0,0.0
0.0,0.0
2.719,2.593
0.173,0.0
6.49,15.474
55.997,65.873
0.224,0.472
51.083,31.439
0.278,0.242
5.274,2.44
35.179,27.791
6.919,5.726
12.078,4.296
6.126,0.231
15.305,17.488
7.407,2.546
6.926,6.009
13.139,7.375
18.849,0.0
12.246,0.333
4.027,0.66
0.14,0.0
0.085,0.526
4.496,0.294
0.186,0.129
14.016,4.363
6.784,0.901
9.874,14.217
57.264,33.105
0.188,0.078
0.912,0.0
0.044,0.0
8.642,9.636
12.749,19.16
5.211,10.737
22.363,29.791
10.713,4.11
0.134,0.007
119.766,110.689
9.808,10.462
53.091,57.121
23.063,4.832
46.202,34.965
32.827,32.324
21.707,21.875
7.929,1.782
4.432,1.759
64.861,43.638
18.716,2.998
14.852,2.696
19.026,1.008
24.926,17.256
37.534,27.435
9.137,11.014
4.847,3.892
21.996,43.38
0.186,0.168
241.434,491.234
23.335,3.316
0.119,0.0
1.743,0.564
7.446,8.051
17.872,20.061
19.388,22.249
2.228,2.61
4.223,2.726
16.564,0.005
0.0,0.0
0.438,0.0
21.184,30.101
6.063,26.489
4.14,0.62
4.927,0.013
2.669,0.344
1.386,0.643
0.028,0.0
4.18,4.001
8.667,7.657
0.346,0.089
3.533,5.405
0.0,0.0
4.767,1.466
6.815,3.104
0.0,0.011
0.0,0.021
36.296,62.406
0.248,0.197
7.578,6.169
8.35,8.146
770.403,0.016
489.02,0.018
3.482,0.006
4.12,1.64
0.528,0.137
13.425,10.736
1.548,0.239
1.864,0.821
0.057,0.0
63.342,143.29
24.478,28.58
3.308,0.23
0.159,0.017
13.312,16.367
0.907,0.007
5.977,7.194
3.691,6.16
47.659,85.32
9.62,1.377
62.928,2.226
1.764,0.503
0.0,0.0
11.946,12.045
15.116,9.139
15.27,22.13
84.584,42.049
21.137,26.362
0.035,0.012
0.056,0.0
0.0,0.0
2.24,1.686
0.0,0.0
0.0,0.0
1.098,0.082
12.974,11.829
10.113,10.861
0.357,0.022
0.0,0.0
0.239,0.057
40.208,20.848
18.417,0.26
3.228,5.461
0.54,0.268
3.382,0.047
5.55,4.482
24.95,21.474
0.721,0.087
0.0,0.0
0.0,0.0
2.003,0.494
2.137,0.68
0.245,0.062
30.157,104.861
0.0,0.0
29.7,28.571
23.038,4.108
0.876,0.191
0.0,0.0
2.319,0.025
0.17,0.0
0.0,0.003
0.0,0.0
0.0,0.0
1.481,0.901
0.219,0.114
0.0,0.0
0.0,0.0
2.15,2.978
1.451,0.002
0.095,0.001
3.317,1.524
0.0,0.0
5.355,1.978
0.006,0.023
0.392,0.096
3.956,0.897
0.135,0.007
4.695,3.669
0.0,0.0
2.994,0.536
5.326,2.095
0.917,2.318
0.678,0.006
0.0,0.0
0.256,0.011
1.106,0.0
0.061,0.0
0.0,0.005
20.62,23.568
0.059,0.295
14.464,15.033
0.08,0.147
0.069,0.0
0.579,0.423
2.533,0.17
2.528,0.198
0.0,0.0
0.682,0.131
2.417,0.886
0.0,0.0
0.0,0.0
0.328,0.0
0.0,0.038
0.233,0.312
14.848,13.888
4.655,14.694
0.0,0.0
0.0,0.0
0.031,0.0
0.0,0.042
0.0,0.069
0.018,0.037
30.033,47.684
0.366,0.228
0.121,0.195
14.406,9.502
0.66,0.198
0.0,0.0
249.206,313.284
45.977,19.463
2.223,1.419
0.874,0.01
0.303,0.0
0.0,0.0
0.0,0.0
0.058,0.0
0.032,0.043
0.0,0.0
7.4,4.587
0.0,0.0
0.054,0.033
0.0,0.0
0.0,0.0
1.067,0.048
0.441,0.0
0.0,0.0
1.74,0.499
0.063,0.007
0.0,0.0
4.519,9.922
0.494,0.099
0.136,0.0
0.39,0.0
0.0,0.0
7.738,7.684
7.151,7.074
1.349,2.934
0.302,0.007
0.462,0.165
0.542,0.439
16.723,4.809
0.0,0.0
0.0,0.0
0.559,0.088
0.0,0.0
12.434,14.526
0.832,0.408
0.11,0.003
2.954,1.299
0.679,23.269
134.681,171.703
0.0,0.0
0.665,27.95
11.22,7.811
0.237,0.018
0.017,0.0
0.0,0.0
2.861,1.071
9.231,1.778
12.155,11.278
1.317,0.441
0.0,0.0
2.572,0.018
0.732,0.074
0.074,0.0
0.372,0.295
8.554,12.287
0.0,0.0
0.008,0.0
0.063,0.024
1.311,0.01
0.666,0.038
13.731,16.249
30.527,13.323
0.094,0.033
23.325,0.0
6.947,15.848
2.465,0.0
0.032,0.025
20.074,8.867
60.939,39.822
0.85,0.217
13.36,19.824
0.0,0.0
0.013,0.0
0.164,0.024
0.0,0.0
0.0,0.0
0.0,0.0
2.102,2.007
0.066,0.0
0.0,0.0
1.953,2.313
0.09,0.0
0.011,0.0
10.502,0.332
0.0,0.0
0.0,0.0
2.871,2.785
0.0,0.0
0.017,0.0
0.733,0.394
0.189,0.003
1.05,0.746
0.055,0.002
0.0,0.0
0.0,0.0
0.098,0.0
0.0,0.0
29.479,15.225
0.219,0.0
0.032,0.0
13.68,6.994
0.155,0.0
15.807,17.189
0.053,0.0
8.488,8.268
14.505,5.848
0.722,0.071
7.153,4.531
12.935,2.065
2.953,7.988
4.922,3.86
0.0,0.0
10.555,28.438
0.006,0.012
0.0,0.0
2.504,0.705
0.359,0.064
41.769,31.241
0.184,0.0
0.075,0.001
0.104,0.013
2.396,2.454
65.537,60.975
0.0,0.0
0.36,0.0
12.975,0.0
0.0,0.0
4.095,1.578
0.0,0.0
0.492,0.147
0.722,0.162
9.543,6.847
0.21,0.0
0.0,0.0
0.159,0.002
0.181,0.491
0.088,0.0
22.704,19.846
0.089,0.032
0.048,0.0
47.444,28.741
0.359,0.005
4.25,12.565
0.0,0.0
0.473,0.0
1.863,0.644
0.0,0.0
19.43,14.577
0.056,0.0
0.01,0.0
0.036,0.022
13.954,2.67
0.0,0.0
0.036,0.0
0.0,0.0
69.501,35.555
0.0,0.0
0.266,0.589
4.072,0.009
0.0,0.0
10.047,5.839
1.718,0.055
1.113,0.222
2.968,0.66
0.464,0.0
0.207,0.214
1.414,0.044
1.707,0.472
30.494,4.693
0.0,0.0
0.224,0.0
0.081,0.168
0.048,0.0
0.0,0.0
0.106,0.0
0.0,0.0
7.98,2.845
25.823,11.876
0.009,0.006
17.319,11.685
0.0,0.0
0.0,0.0
4.993,4.984
0.0,0.0
0.09,0.038
0.044,0.0
1.023,0.0
0.0,0.0
3.728,0.04
0.0,0.0
0.0,0.0
0.0,0.0
1.057,0.015
24.963,0.0
15.527,15.928
0.018,0.0
3.647,1.958
0.0,0.0
0.341,0.0
1.302,0.609
4.325,1.353
0.757,5.34
0.0,0.0
8.872,1.156
0.0,0.0
5.317,4.371
0.0,0.0
18.121,12.166
1.881,0.609
3.908,7.618
12.46,14.142
0.0,0.0
0.0,0.0
0.0,0.0
0.0,0.0
0.0,0.0
5.882,0.814
0.085,0.134
0.337,0.295
0.472,0.377
0.266,0.01
0.0,0.0
1.606,3.527
0.0,0.0
0.0,0.0
5.888,6.747
10.366,36.947
0.0,0.0
0.031,0.009
0.0,0.0
38.21,19.488
0.26,1.351
18.782,6.802
0.0,0.0
5.061,1.048
0.621,0.301
32.782,17.67
0.0,0.0
0.037,0.069
0.344,0.0
0.088,0.0
0.17,0.008
0.0,0.0
4.38,3.326
2.611,2.674
0.125,0.0
0.37,2.248
0.239,0.0
0.0,0.0
0.799,0.013
1.811,0.211
0.063,0.108
0.0,0.0
0.0,0.0
1.026,0.007
0.283,0.005
0.101,0.572
0.164,0.049
0.011,0.0
0.18,0.796
0.0,0.0
0.33,0.174
23.554,16.051
24.842,25.75
0.0,0.0
0.0,0.0
0.0,0.0
1.346,0.992
1.577,0.031
14.176,0.842
0.081,0.0
1.832,34.614
3.058,0.0
0.062,0.021
2.331,0.0
7.768,0.278
2.997,1.971
0.0,0.0
0.0,0.0
0.511,0.022
19.501,14.52
0.017,0.0
5.565,3.427
0.054,0.053
0.175,0.063
0.019,0.0
0.893,0.151
0.427,0.006
1.547,0.275
0.026,0.058
0.0,0.0
0.0,0.012
0.287,0.061
22.123,0.404
5.727,1.068
55.621,134.038
11.818,11.425
0.365,0.193
8.938,3.916
2.614,1.336
0.0,0.0
13.895,0.0
0.071,0.666
13.498,4.847
0.0,0.0
0.0,0.0
0.0,0.039
0.0,0.0
0.0,0.0
42.321,69.018
10.538,0.0
20.315,0.0
0.916,0.141
0.092,0.0
2.634,1.266
0.098,0.0
0.759,0.42
8.928,17.63
0.0,0.0
0.094,0.028
1.714,7.394
0.695,0.006
7.858,8.387
0.0,0.0
0.698,0.299
0.094,0.0
0.019,0.0
0.651,0.051
44.801,24.463
0.0,0.0
18.044,13.396
0.0,0.0
2.898,11.78
0.0,0.0
0.0,0.014
52.325,18.07
0.0,0.0
0.605,1.221
0.056,0.0
0.514,2.896
3.238,0.526
0.035,0.0
0.265,0.082
0.223,0.306
5.094,3.484
3.33,3.046
0.66,0.17
0.055,0.0
9.22,7.624
0.0,0.0
0.03,0.0
0.0,0.0
0.009,0.0
15.915,29.326
0.0,0.0
0.0,0.0
53.913,43.83
0.0,0.0
0.093,0.23
0.03,0.0
9.351,18.006
0.008,0.0
0.019,0.0
0.076,0.0
0.929,1.413
0.0,0.0
16.956,12.067
0.449,0.0
0.0,0.0
0.483,0.004
0.017,0.0
0.0,0.0
0.055,0.0
100.369,71.448
0.111,0.017
0.0,0.0
4.66,0.263
31.397,31.569
0.006,0.0
0.0,0.401
0.721,0.763
0.0,0.0
0.0,0.0
0.192,0.805
2.539,1.692
5.272,0.0
0.392,0.77
9.196,5.231
0.0,0.026
0.533,0.295
0.12,0.149
16.558,0.0
21.587,12.504
0.743,0.037
0.0,0.0
11.417,6.768
23.289,0.0
0.0,0.0
1.086,0.024
0.0,0.0
0.394,0.019
1.331,0.576
0.057,0.0
0.148,0.023
0.305,0.0
29.762,12.792
0.0,0.0
0.0,0.0
0.08,0.107
0.031,0.0
0.044,0.0
0.041,0.0
0.0,0.065
0.0,0.0
0.044,0.0
26.727,0.0
20.026,18.21
0.152,0.028
0.0,0.0
2.838,1.796
0.0,0.0
0.0,0.0
0.055,0.517
0.0,0.0
46.742,10.516
0.0,0.0
0.0,0.0
0.288,0.611
24.423,6.173
0.0,0.0
1.559,0.031
3.27,2.708
26.179,11.267
22.715,1.523
0.019,0.0
0.0,0.0
0.192,0.0
0.307,0.002
0.0,0.0
0.0,0.011
0.049,0.0
5.024,1.718
1.313,0.071
0.0,0.0
0.0,0.0
0.048,0.016
26.136,0.0
2.527,0.417
0.336,0.629
0.0,0.0
0.458,0.432
0.0,0.0
0.223,0.036
1.858,1.736
0.06,0.0
0.102,0.015
0.0,0.0
0.015,0.0
2.254,1.109
26.421,15.262
0.022,0.0
0.851,0.009
0.776,0.845
3.522,3.09
5.899,2.387
63.628,14.628
0.013,0.0
0.017,0.0
0.0,0.007
0.063,0.0
0.0,0.0
0.0,0.0
11.8,14.159
0.081,0.0
0.36,0.018
0.138,0.0
0.742,0.611
0.0,0.0
0.524,0.024
0.0,0.0
0.0,0.0
2.005,0.104
0.341,0.025
0.023,0.111
0.0,0.019
10.127,8.216
0.0,0.0
0.0,0.0
0.0,0.0
0.364,0.006
0.032,0.0
3.137,1.297
0.0,0.0
0.467,0.0
102.399,86.995
0.039,0.0
0.0,0.0
0.0,0.0
0.0,0.142
0.181,0.0
0.0,0.0
0.0,0.0
0.0,0.013
0.81,0.009
1.065,1.174
2.549,0.295
0.0,0.0
0.103,0.0
0.0,0.0
0.158,0.452
0.49,0.027
0.039,0.0
0.037,0.0
16.867,0.0
0.553,0.01
0.0,0.0
0.195,0.187
2.721,1.127
0.111,0.044
78.956,55.667
0.003,0.022
0.0,0.0
0.749,0.768
0.0,0.0
0.582,1.333
8.758,3.154
1.784,0.271
93.271,26.355
22.676,17.953
0.0,0.0
0.0,0.0
0.0,0.0
0.0,0.0
0.0,0.0
0.0,0.0
0.0,0.0
0.0,0.0
0.286,0.168
0.0,0.0
0.562,0.0
0.103,0.004
0.144,0.174
3.101,0.072
1.342,0.011
0.798,0.0
0.331,0.0
0.021,0.011
4.113,4.588
1.019,0.281
2.082,0.977
0.0,0.0
0.185,0.762
0.489,0.119
0.359,0.09
18.492,15.462
0.378,0.042
835.078,1018.73
2.109,0.576
0.565,0.667
0.0,0.0
0.0,0.0
29.742,25.532
12.052,10.596
0.0,0.001
0.0,0.0
0.0,0.0
0.126,0.035
12.572,9.78
0.721,1.145
128.613,406.474
1.149,2.349
0.067,0.0
29.263,20.579
0.0,0.0
0.0,0.002
0.0,0.018
1.959,2.164
4.403,2.584
0.0,0.0
1.739,1.202
0.0,0.0
0.174,0.0
6.249,16.748
0.581,0.124
0.057,0.025
0.012,0.0
0.0,0.0
0.0,0.0
0.029,0.047
0.01,0.0
0.088,0.0
0.031,0.005
0.0,0.0
9.646,7.599
0.022,0.0
0.547,0.004
0.0,0.0
0.01,0.0
0.13,0.0
13.785,21.817
0.122,0.036
0.0,0.0
0.133,0.0
0.0,0.043
0.0,0.0
0.731,0.462
0.0,0.0
0.791,0.218
0.0,0.0
0.467,0.262
0.0,0.0
1.777,0.331
0.02,0.095
0.017,0.0
31.877,50.794
9.04,2.6
0.0,0.0
2.202,0.397
12.255,4.776
4.228,1.331
0.01,0.0
126.303,48.873
3.832,1.434
0.889,0.173
0.0,0.0
51.592,0.0
0.198,0.283
0.347,0.0
1.775,0.309
0.709,0.935
2.493,0.008
0.623,2.271
0.944,0.319
0.0,0.0
0.042,0.0
37.92,42.353
10.986,9.187
11.818,1.29
0.043,0.0
0.0,0.006
3.791,2.765
0.023,0.0
1.343,1.029
0.22,0.003
3.998,0.0
0.0,0.0
0.0,0.045
0.048,0.0
0.497,0.022
0.0,0.0
1.192,1.095
0.005,0.012
28.684,43.435
0.0,0.0
0.937,0.072
0.0,0.081
0.734,0.013
0.154,0.041
0.123,0.021
0.0,0.0
0.401,0.781
0.0,0.0
7.204,6.534
0.0,0.0
0.033,0.0
22.07,0.0
0.36,0.0
7.53,4.862
0.0,0.0
0.0,0.0
0.298,0.006
0.029,2.541
0.013,0.0
27.099,0.0
0.0,0.0
0.0,0.0
0.0,0.0
0.055,0.0
0.176,0.075
0.032,0.0
0.264,0.048
0.211,0.017
2.772,1.906
0.0,0.0
0.0,0.009
0.019,0.003
1.459,0.0
0.206,0.113
0.237,0.603
0.0,0.0
0.094,0.0
0.0,0.0
0.0,0.0
0.0,0.0
0.827,0.682
0.0,0.0
0.973,0.599
10.504,9.907
16.988,11.709
0.89,0.261
18.37,13.234
0.0,0.0
1.278,1.941
1.547,31.337
2.771,0.04
0.0,0.0
0.0,0.0
1.869,0.672
21.622,15.245
0.317,0.017
0.351,6.008
0.0,0.0
0.014,0.0
6.954,0.0
0.129,0.0
33.858,32.943
8.849,13.777
15.916,0.0
0.138,0.029
0.077,0.029
5.081,2.985
0.0,0.0
0.0,0.0
0.0,0.0
0.037,0.0
0.027,0.0
13.888,0.785
0.558,0.091
3.468,1.547
0.0,0.0
0.019,0.0
20.235,24.127
1.15,0.0
0.0,0.0
0.554,0.011
0.132,0.067
179.715,76.246
2.777,3.621
4.675,3.661
37.895,22.518
0.564,0.267
5.907,5.726
0.013,0.0
1.673,2.833
0.287,0.127
0.0,0.0
0.0,0.008
0.038,0.054
59.537,93.769
5.474,2.263
5.543,2.297
2.62,16.172
3.406,0.004
25.763,28.641
0.213,0.0
0.243,0.187
0.0,0.0
15.97,11.533
0.0,0.007
5.101,0.572
19.236,31.866
0.155,0.007
1.584,0.0
0.094,0.002
2.025,0.314
22.902,4.915
5.691,3.607
39.719,38.139
0.0,0.0
2.998,0.826
6.664,5.717
0.0,0.0
17.919,0.0
8.455,6.113
13.877,6.882
0.072,3.286
0.0,0.0
0.0,0.0
0.0,0.0
4.196,0.007
0.012,0.0
0.0,0.0
11.199,0.44
2.189,0.291
0.021,0.0
9.08,10.983
7.946,2.238
26.421,10.105
1.228,1.831
30.08,23.662
9.495,0.405
83.341,73.679
11.743,11.305
0.023,0.0
0.465,0.919
626.052,449.757
0.223,0.3
7.726,5.047
0.79,9.711
2.908,0.801
0.0,0.0
6.48,5.43
0.0,0.0
4.094,0.0
0.172,0.006
0.0,0.0
17.09,15.606
0.229,0.223
39.401,16.709
22.81,10.86
7.007,1.756
13.063,1.085
26.843,0.0
77.449,115.389
1.821,0.0
1.927,10.517
42.612,87.223
1.704,0.359
0.0,0.0
0.0,0.0
3.541,0.478
0.502,0.0
91.636,212.413
0.059,0.0
12.663,4.284
0.061,0.336
59.801,50.264
9.413,12.169
7.047,6.856
8.912,14.643
0.879,0.197
10.829,20.223
16.35,8.162
21.212,7.83
17.874,27.272
0.0,0.0
9.158,3.301
0.0,0.0
5.358,3.444
20.725,9.408
1.74,0.012
8.887,0.0
0.612,0.0
0.677,0.072
0.011,0.029
20.513,21.613
4.086,0.829
22.29,16.191
129.475,33.688
1.457,0.0
0.067,0.0
2.919,0.804
110.956,297.515
2.416,0.551
0.0,0.0
29.838,23.452
0.34,0.0
5.624,13.839
2.846,0.667
8.499,6.016
0.506,0.009
10.989,5.428
40.093,55.437
0.914,0.639
0.901,0.104
2.204,0.686
7.837,5.382
1.433,0.356
0.189,0.018
0.0,0.0
0.0,0.0
13.492,5.105
1.654,0.008
0.025,0.0
3.023,0.819
1.386,2.823
1.97,6.057
25.251,24.363
1.649,6.251
2.785,0.155
2.543,9.932
29.738,14.599
0.13,0.074
28.086,12.055
12.264,10.368
13.054,7.62
12.316,19.972
0.085,0.0
0.749,1.472
47.194,6.568
12.842,13.066
12.751,8.676
0.117,0.106
0.0,0.0
15.216,107.748
0.0,0.046
3.228,0.148
0.0,0.0
0.024,0.0
13.841,15.258
19.29,0.521
1.277,0.969
4.46,2.774
430.62,645.794
2.81,3.72
5.473,2.878
1.074,0.001
0.104,0.104
39.013,5.006
14.346,19.082
0.0,0.0
24.166,26.773
0.0,0.0
5.954,16.329
4.293,1.53
0.079,2.849
20.148,9.963
2.125,0.0
0.127,0.018
18.015,44.005
17.826,16.298
0.0,0.0
128.366,225.843
6.999,7.116
0.0,0.023
0.479,0.011
0.22,0.032
39.949,36.697
1.722,0.488
11.358,5.257
27.366,56.314
3.464,21.804
29.822,0.772
8.614,15.917
4.816,1.076
0.0,0.0
0.0,0.0
0.0,0.0
25.249,22.241
0.239,0.008
0.224,0.026
26.982,26.871
3.101,0.795
0.093,0.005
0.109,0.006
17.596,0.105
33.778,107.439
0.0,0.0
0.218,0.044
0.085,0.066
0.812,0.044
0.0,0.041
0.0,0.0
59.917,47.294
0.374,0.757
1.184,0.652
19.991,0.436
0.002,0.011
0.696,0.945
11.096,4.294
0.0,0.0
0.299,0.019
0.607,0.333
2.35,0.277
1.796,2.992
8.753,1.124
0.074,0.018
0.226,0.019
0.02,0.01
0.0,0.0
10.918,9.882
4.376,0.222
24.272,20.527
0.0,0.0
0.871,0.375
0.092,0.024
35.921,135.138
7.795,8.805
2.318,0.204
0.014,0.0
21.878,19.663
0.168,0.0
26.797,14.477
20.442,15.539
59.976,76.34
0.0,0.0
1.542,3.45
0.0,0.0
3.0,16.575
0.0,0.0
0.0,0.0
0.191,0.428
0.121,0.095
7.335,6.443
0.0,0.0
5.978,13.153
46.954,99.042
1.76,3.0
0.414,0.224
0.1,0.004
0.519,0.064
8.031,12.998
0.0,0.0
0.027,0.0
5.27,0.917
4.66,3.232
0.186,0.0
3.874,0.264
39.335,58.846
0.0,0.0
0.0,0.0
1.814,0.481
0.0,0.0
0.0,0.0
0.151,0.03
0.0,0.0
3.078,0.512
0.0,0.0
0.0,0.0
0.0,0.0
15.005,7.423
0.0,0.027
70.901,11.841
1.801,3.18
0.0,0.0
190.314,174.315
0.133,0.502
2.846,4.931
2.278,0.062
24.414,66.496
0.036,0.0
2.014,0.283
1.929,2.766
0.11,0.0
0.0,0.0
23.922,78.22
14.069,13.518
0.0,0.0
1.177,0.228
2.557,1.256
0.523,0.015
0.017,0.0
0.054,0.0
0.257,0.004
0.0,0.0
0.0,0.0
0.0,0.0
15.692,39.297
17.999,25.378
0.173,0.064
8.357,43.363
115.819,2.564
16.286,23.2
0.111,0.689
30.625,47.164
0.515,0.11
1.71,2.806
0.0,0.0
37.153,59.077
0.102,0.0
0.226,0.114
35.692,38.671
0.146,0.011
17.149,36.351
0.358,0.05
15.469,6.552
25.326,2.809
2.582,0.0
0.038,0.0
2.125,0.682
39.457,6.051
0.6,0.201
0.0,0.0
6.62,2.753
3.877,0.029
0.03,0.0
2.353,1.688
12.856,5.008
0.051,0.0
1.779,7.317
0.0,0.0
214.039,563.087
0.0,0.018
0.04,0.408
0.0,0.009
1.427,0.091
87.424,0.165
0.0,0.0
1.745,2.579
0.0,0.0
0.659,0.086
3.785,0.0
0.0,0.0
0.0,0.0
0.0,0.095
0.0,0.0
11.779,13.87
1.033,0.48
13.809,22.497
0.186,0.0
12.519,3.649
1.895,0.329
0.17,0.008
0.0,0.0
3.821,4.245
15.718,5.882
142.698,92.917
0.276,0.111
4.835,3.087
0.0,0.0
5.091,5.836
3.143,5.813
2.19,0.835
0.166,0.003
0.016,0.061
1.768,2.861
0.05,0.0
0.515,0.031
0.0,0.0
0.0,0.0
0.141,0.0
0.24,0.066
0.021,0.0
0.0,0.0
30.002,23.535
0.5,0.029
0.0,0.0
3.431,1.351
0.0,0.0
0.0,0.0
3.346,2.246
0.304,0.091
13.422,7.825
3.791,0.116
2.971,0.27
30.11,23.606
0.057,0.0
0.0,0.0
0.936,6.671
0.0,0.0
0.807,0.22
0.042,0.085
0.194,0.0
12.991,110.49
0.247,0.0
0.0,0.0
0.0,0.0
0.869,0.031
0.944,0.033
0.047,0.0
1.164,0.359
30.123,23.659
0.092,0.085
0.084,0.533
30.63,23.698
0.0,0.0
0.44,0.379
15.59,61.959
1.314,0.0
3.17,3.263
45.08,28.69
49.78,43.159
30.283,24.237
29.945,24.0
0.0,0.0
0.0,0.0
8.908,8.585
0.151,1.646
0.294,0.495
30.016,23.452
0.071,0.0
23.907,21.879
0.172,0.0
0.0,0.0
30.494,23.805
30.705,26.249
0.872,0.71
0.0,0.0
6.804,3.385
0.0,0.0
0.0,0.0
0.0,0.0
0.101,0.019
0.0,0.0
14.576,11.654
5.836,12.533
0.0,0.0
0.0,0.0
31.848,23.962
12.979,7.933
30.547,23.643
29.985,24.018
0.87,0.0
0.029,0.0
0.044,0.0
0.0,0.0
2.683,0.261
0.263,0.029
0.0,0.0
0.0,0.0
1.054,0.43
16.6,16.653
0.0,0.0
0.019,0.0
4.712,13.627
0.37,0.0
23.456,27.219
0.162,0.049
0.138,0.009
0.0,0.0
0.541,0.0
0.0,0.0
0.389,0.0
1.892,2.184
0.0,0.0
0.0,0.0
0.123,0.0
4.066,0.0
0.093,0.0
43.883,50.442
3.892,4.038
46.35,45.593
5.18,0.704
0.674,0.0
9.937,1.313
0.0,0.0
0.0,0.0
265.254,321.049
0.276,0.0
23.012,27.205
0.0,0.0
1.182,2.369
0.0,0.0
0.0,0.0
0.0,0.0
0.041,0.668
8.003,4.384
13.252,26.865
148.184,284.722
0.059,0.0
4.731,8.067
0.0,0.0
0.028,0.008
0.0,0.021
0.032,0.019
61.139,61.023
22.332,35.735
26.71,13.466
0.076,0.049
115.012,209.626
0.0,0.0
0.0,0.0
0.724,0.027
0.0,0.0
0.229,0.262
0.493,0.132
1.329,0.452
79.473,68.024
0.318,0.0
0.0,0.0
0.0,0.0
1.038,0.182
3.398,3.428
31.014,26.956
2.444,2.196
0.0,0.0
1.264,0.902
31.238,5.856
10.881,14.188
0.0,0.0
0.0,0.011
1.531,0.111
0.0,0.0
0.0,0.0
0.405,0.179
0.0,0.0
0.051,0.0
0.0,0.0
0.014,0.023
5.505,3.022
72.543,80.214
0.0,0.0
1.43,1.258
0.0,0.315
0.0,0.0
1.447,0.642
0.24,0.012
0.026,0.0
0.051,0.007
0.027,0.018
0.081,0.007
0.263,0.0
0.845,0.611
1.628,2.801
2.432,0.472
49.247,38.428
99.042,129.428
2.352,1.207
0.0,0.0
0.0,0.0
0.0,0.0
0.0,0.0
0.097,2.868
0.504,0.611
110.815,140.127
11.838,6.377
0.006,0.049
0.019,0.0
0.375,0.059
2.284,2.024
0.17,0.016
0.0,0.0
0.034,0.079
18.701,0.0
0.119,0.055
0.0,0.152
15.36,0.133
0.0,0.0
0.0,0.0
32.35,28.356
10.508,34.116
34.866,0.0
0.0,0.0
10.469,5.678
0.059,0.0
0.0,0.0
0.0,0.0
2.301,1.42
0.0,0.001
35.012,33.306
2.331,0.1
0.156,0.102
79.984,120.335
1.277,0.128
0.0,0.0
0.0,0.0
0.016,1.366
0.0,0.0
0.211,1.207
0.078,0.0
2.075,1.405
0.072,0.0
3.787,1.528
0.0,0.0
0.115,0.313
7.192,4.834
8.628,13.418
12.502,3.348
6.803,3.486
3.315,2.126
0.0,0.359
0.159,0.013
0.0,0.0
2.528,0.72
2.051,1.334
13.12,49.189
18.186,20.192
1.879,1.096
1.175,2.016
2.842,0.021
15.189,12.793
0.0,0.428
3.145,0.0
0.0,0.0
1.022,0.009
1.633,0.509
1.548,0.0
20.358,37.742
0.0,0.0
13.035,3.798
0.017,0.01
0.055,0.0
20.712,23.494
0.087,0.0
0.083,0.005
2.133,3.52
31.283,35.568
0.0,0.0
0.0,0.0
0.023,0.008
0.458,1.041
2.726,2.291
0.015,0.0
0.14,0.0
0.045,0.021
5.753,1.043
0.0,0.0
0.085,0.682
0.021,0.01
7.141,7.112
0.0,0.0
0.0,0.0
15.206,42.307
1.71,6.082
0.52,0.59
0.062,0.0
9.567,0.0
0.0,0.0
2.219,2.193
0.0,0.0
0.169,0.0
10.574,3.69
0.368,0.0
7.498,3.056
45.164,28.0
0.885,0.055
0.0,0.0
0.01,0.0
0.116,0.0
0.896,0.027
0.011,0.0
17.319,16.818
0.0,0.0
0.363,0.042
7.643,16.052
0.42,0.064
0.078,0.6
11.207,11.769
31.951,24.079
230.317,501.189
0.945,0.052
0.141,0.0
0.161,0.165
173.964,187.982
0.048,0.041
2.438,1.13
3.967,4.218
0.047,0.0
0.029,0.0
8.492,0.902
0.0,0.0
35.715,22.966
0.4,0.044
6.352,21.316
15.571,0.823
0.0,0.0
12.94,10.693
11.951,3.037
12.127,18.875
0.0,0.0
0.0,0.0
0.0,0.0
0.477,0.0
0.0,0.0
0.528,0.061
0.413,0.043
0.21,0.0
46.547,26.925
0.0,0.0
0.01,0.058
0.012,0.0
0.0,0.0
0.0,0.0
13.065,11.031
0.0,0.0
10.352,11.699
17.196,11.706
0.505,0.109
12.367,37.897
0.0,0.0
0.071,0.0
0.874,0.121
0.236,0.0
22.167,22.311
0.0,0.0
5.894,7.017
29.153,38.123
43.331,113.615
31.398,19.995
0.37,0.08
1.889,11.36
1.966,1.337
0.809,1.079
2.935,0.04
10.06,12.108
0.253,0.006
0.0,0.0
3.012,3.421
96.347,83.459
16.868,18.897
2.67,3.088
24.221,18.29
84.193,156.152
0.797,12.091
0.024,0.0
1.951,0.542
0.139,0.0
0.264,0.0
3.431,12.751
11.367,14.156
0.0,0.0
0.038,0.0
0.0,0.0
0.407,0.257
0.046,0.0
0.0,0.0
0.0,0.0
0.211,0.004
0.0,0.0
29.543,5.072
4.096,9.898
0.027,0.0
2.925,14.851
9.829,0.936
0.112,0.0
0.0,0.0
8.141,0.0
0.306,0.0
0.0,0.0
0.0,0.005
0.428,0.009
22.152,6.663
0.201,0.021
1.417,0.379
0.0,0.0
0.116,0.789
17.436,8.427
0.067,0.057
22.626,21.786
0.0,0.0
0.036,0.046
9.725,6.075
0.373,0.004
0.0,0.0
3.112,9.774
0.031,0.0
0.02,0.0
6.73,5.88
0.259,0.345
0.027,0.0
0.028,0.0
18.186,14.504
3.954,4.114
140.088,99.425
0.0,0.0
0.0,0.0
0.0,0.0
6.573,2.321
42.769,36.517
0.0,0.0
11.8,5.495
0.0,0.008
0.138,0.53
0.0,0.0
6.458,0.202
5.876,0.0
0.516,0.016
3.403,2.561
0.108,0.0
0.0,0.023
0.354,0.177
0.0,0.0
23.893,28.674
0.0,0.0
0.0,0.062
0.0,0.0
15.773,12.526
2.156,0.0
0.0,0.0
2.309,0.149
18.045,11.812
0.448,0.0
0.026,0.0
1.729,16.313
0.0,0.0
97.044,103.547
0.474,0.372
6.515,3.235
0.14,0.0
0.0,0.0
0.057,0.0
0.0,0.0
0.636,0.0
2.991,0.0
9.324,0.0
0.058,0.455
0.237,0.0
1.025,0.618
0.0,0.0
0.218,0.029
0.0,0.0
0.056,0.061
0.271,0.106
0.603,0.143
0.0,0.0
0.697,0.0
0.0,0.0
0.924,0.0
1.799,1.798
0.011,0.0
0.193,0.0
1.093,0.048
0.289,0.098
0.143,0.0
0.0,0.032
0.0,0.0
0.0,0.0
0.0,0.0
17.71,25.595
0.171,0.012
0.0,0.0
0.0,0.0
